#{"t_start": 1610715419.2233055, "env_id": "BreakoutNoFrameskip-v4"}
r,l,t
1.0,173,446.757199
1.0,173,454.31627
2.0,200,462.830887
1.0,157,932.631548
1.0,151,938.580699
0.0,129,943.893181
0.0,125,948.703688
1.0,157,954.894836
2.0,183,1419.670199
0.0,123,1424.705339
1.0,153,1430.666402
4.0,281,1441.911021
0.0,127,1910.694616
0.0,129,1915.752428
1.0,175,1922.991611
0.0,127,1928.161837
0.0,129,1933.630704
1.0,155,2396.890294
0.0,129,2402.025321
0.0,127,2407.396099
1.0,174,2414.563745
0.0,127,2419.733211
0.0,127,2884.836277
2.0,222,2893.739727
2.0,202,2901.81214
1.0,175,3353.402089
1.0,157,3359.872855
0.0,127,3365.090843
1.0,171,3372.125172
1.0,177,3379.562707
0.0,127,3829.971898
2.0,203,3838.455082
2.0,204,3846.658638
0.0,129,3851.50572
2.0,221,4278.027802
4.0,299,4290.759892
2.0,201,4758.253661
0.0,125,4763.028091
1.0,155,4769.527899
4.0,282,4781.842952
0.0,127,5241.512613
5.0,308,5253.703772
0.0,125,5258.527006
1.0,155,5264.208894
0.0,127,5695.587754
4.0,283,5707.656267
1.0,175,5714.895559
0.0,129,5720.164865
1.0,173,6158.674598
0.0,129,6163.747509
0.0,125,6168.62726
1.0,155,6174.679289
0.0,123,6179.241317
5.0,330,6662.452627
1.0,157,6668.899955
0.0,127,6674.268935
2.0,185,7131.463486
3.0,251,7141.663796
0.0,129,7146.377997
1.0,155,7153.043326
8.0,375,7592.905567
1.0,173,7600.317554
0.0,127,7605.804613
4.0,323,8064.095702
0.0,129,8069.266322
2.0,204,8077.536563
2.0,202,8538.73507
2.0,221,8547.998961
3.0,230,8557.716922
1.0,172,9025.74661
2.0,221,9034.349081
0.0,129,9039.219562
2.0,206,9047.271771
9.0,424,9517.629049
0.0,129,9523.03468
0.0,127,9979.884325
0.0,127,9985.169807
1.0,157,9991.592598
4.0,300,10003.994684
2.0,220,10479.991745
1.0,155,10487.200504
1.0,158,10494.475493
2.0,202,10503.939825
1.0,173,11008.052598
1.0,173,11015.778331
2.0,202,11024.275868
0.0,129,11030.156586
3.0,272,11490.083647
3.0,271,11501.757222
1.0,155,11957.183225
2.0,200,11967.018952
1.0,153,11973.840398
1.0,173,11981.962187
1.0,153,11989.097616
2.0,226,12500.358997
2.0,220,12510.339571
5.0,348,12976.192508
0.0,129,12981.841778
2.0,222,12992.371228
5.0,328,13476.106317
1.0,155,13482.760381
2.0,223,13493.243075
1.0,173,13970.617733
1.0,155,13977.818577
1.0,175,13986.438725
2.0,202,13995.614941
5.0,365,14460.466926
2.0,202,14469.424972
3.0,216,14918.943646
2.0,204,14926.511509
2.0,183,14933.610492
2.0,201,14941.838257
2.0,224,15375.388017
2.0,200,15383.976963
5.0,350,15811.810382
4.0,318,15824.464774
8.0,351,16239.958901
1.0,176,16246.08952
2.0,222,16254.760658
2.0,204,16261.511482
1.0,155,16682.716631
1.0,157,16689.505057
2.0,203,16697.942147
4.0,282,17136.354429
0.0,129,17141.437889
1.0,157,17147.587828
2.0,201,17155.55367
1.0,155,17598.181887
0.0,129,17602.62754
2.0,221,17611.084859
2.0,220,17619.123122
1.0,171,18046.232945
0.0,129,18051.299225
0.0,129,18056.934654
3.0,257,18067.157818
0.0,127,18520.066151
1.0,153,18525.680125
4.0,295,18537.232736
1.0,173,18961.441479
0.0,127,18966.185909
2.0,202,18973.864568
0.0,127,18978.518177
1.0,171,18984.720232
5.0,326,19436.823958
3.0,248,19446.924589
2.0,202,19882.434993
0.0,127,19886.88009
2.0,222,19895.043527
1.0,173,19901.112944
2.0,204,20326.155995
0.0,129,20331.031562
1.0,155,20336.478163
2.0,225,20345.091328
0.0,129,20769.216179
2.0,201,20776.980346
3.0,272,20788.167667
0.0,125,21223.808299
1.0,177,21230.488229
0.0,127,21235.040311
5.0,367,21672.736799
8.0,376,21686.900468
0.0,127,21691.201987
6.0,380,22130.42877
1.0,155,22136.019389
3.0,250,22145.277313
2.0,200,22576.238131
3.0,271,22587.391468
2.0,206,23036.569693
4.0,299,23049.600004
0.0,127,23054.487745
2.0,190,23062.100701
0.0,125,23502.126515
0.0,127,23506.141089
0.0,129,23511.285253
0.0,125,23516.2122
2.0,202,23523.521878
1.0,173,23957.552099
0.0,129,23962.412735
2.0,200,23970.022077
0.0,129,23975.07621
0.0,129,24369.670141
2.0,200,24376.975082
0.0,129,24381.460906
3.0,230,24390.264165
0.0,129,24809.519426
2.0,202,24816.992349
0.0,129,24821.54052
0.0,129,24826.238421
4.0,299,25292.768853
0.0,129,25297.354264
0.0,129,25302.631875
0.0,129,25307.33878
2.0,202,25741.294545
1.0,173,25747.857742
5.0,350,25760.620301
5.0,329,26156.554669
0.0,129,26161.214417
5.0,350,26601.392766
0.0,127,26605.833725
0.0,129,26610.535548
0.0,129,26614.680548
0.0,127,26619.395298
5.0,352,27072.146225
0.0,125,27077.088637
2.0,202,27085.600371
0.0,129,27090.603228
2.0,202,27526.582388
5.0,350,27540.124497
0.0,125,27943.796707
3.0,248,27953.623142
0.0,129,27958.19841
0.0,127,27963.427516
4.0,297,28363.031266
0.0,127,28367.936354
0.0,127,28372.27027
2.0,202,28380.216982
10.0,435,28803.054143
4.0,297,28815.346157
0.0,129,29286.722909
0.0,127,29291.725596
9.0,403,29308.27777
5.0,372,29755.378721
0.0,129,29759.571964
0.0,129,29764.283181
5.0,350,30184.204162
1.0,155,30189.988694
0.0,125,30194.312877
0.0,127,30622.176314
0.0,123,30626.63616
4.0,297,30637.640486
5.0,350,31097.040364
4.0,297,31109.720715
0.0,127,31114.856741
0.0,127,31525.985679
5.0,350,31539.855076
2.0,202,31547.473191
0.0,129,31942.205623
0.0,127,31946.491346
2.0,202,31954.374266
0.0,127,31958.366401
4.0,297,32366.981902
0.0,129,32371.641924
0.0,129,32376.697532
9.0,404,32768.104153
0.0,129,32773.337882
2.0,202,32781.571499
2.0,198,32789.418349
3.0,248,33240.684724
2.0,200,33248.46634
0.0,129,33253.894702
5.0,350,33665.531597
3.0,248,33674.861697
3.0,248,34053.297215
9.0,404,34069.307221
2.0,202,34076.825473
11.0,484,34486.959635
0.0,127,34491.657422
0.0,129,34897.319298
2.0,202,34905.719905
2.0,202,34914.356174
0.0,123,34919.372131
0.0,127,35329.097207
6.0,380,35343.463787
0.0,125,35348.411768
5.0,350,35757.901365
2.0,198,35765.361384
9.0,404,36159.553344
9.0,382,36174.076035
9.0,404,36573.934287
0.0,127,36577.83623
0.0,129,36582.432349
2.0,202,36988.839797
2.0,202,36997.56092
0.0,129,37002.845528
2.0,200,37011.52088
0.0,125,37424.312717
0.0,129,37429.102293
0.0,125,37433.413792
0.0,127,37437.39707
0.0,127,37441.988302
2.0,202,37838.201745
0.0,129,37842.75756
2.0,200,37849.985482
0.0,127,37854.214961
0.0,125,37858.57137
1.0,157,38247.036249
0.0,129,38251.851967
5.0,350,38265.756175
0.0,127,38650.072341
0.0,129,38654.328824
0.0,127,38658.546412
3.0,246,38667.022972
5.0,350,39101.758126
2.0,200,39109.48412
9.0,404,39514.276533
0.0,127,39519.191752
0.0,129,39524.022035
0.0,127,39528.364915
0.0,129,39915.37241
0.0,127,39919.810245
0.0,127,39923.645756
0.0,129,39927.925472
0.0,127,39932.57688
0.0,129,39936.551818
2.0,202,40333.478141
5.0,350,40346.954576
0.0,127,40351.60106
5.0,350,40732.526708
5.0,350,41129.959415
5.0,350,41143.251154
0.0,125,41148.12471
0.0,127,41152.428625
0.0,127,41535.821281
0.0,129,41540.561651
5.0,350,41552.859101
0.0,127,41924.228306
5.0,350,41936.707438
3.0,230,41944.684123
3.0,248,42326.530964
2.0,202,42333.187477
3.0,248,42341.871014
5.0,350,42716.698525
3.0,228,42725.807317
9.0,404,43122.185148
1.0,153,43127.220399
0.0,129,43131.607635
4.0,297,43515.997045
2.0,198,43522.345793
0.0,125,43526.613378
0.0,127,43531.625933
4.0,276,43913.783679
3.0,214,43921.289267
3.0,248,44302.735318
1.0,155,44308.263299
9.0,404,44323.763883
0.0,127,44694.983595
0.0,129,44699.222494
0.0,127,44703.377594
5.0,350,45096.747627
3.0,230,45105.176676
9.0,404,45121.098078
0.0,125,45496.65633
5.0,350,45510.331539
2.0,201,45892.053739
0.0,129,45897.017642
0.0,127,45901.375649
5.0,327,45913.019021
0.0,129,46290.573481
0.0,129,46294.951745
2.0,200,46302.400422
0.0,125,46306.548409
3.0,249,46679.087119
2.0,198,46686.373254
0.0,129,46691.476753
1.0,153,46696.859596
1.0,155,47081.426386
0.0,127,47085.974377
5.0,350,47099.103037
0.0,129,47103.288306
1.0,155,47480.937912
6.0,379,47495.649676
2.0,185,47875.369117
5.0,350,47887.885168
3.0,272,47897.980006
2.0,201,48271.584081
5.0,350,48285.349288
0.0,127,48290.104318
3.0,226,48667.976404
9.0,404,48682.90552
2.0,201,49088.006402
0.0,125,49091.965841
3.0,215,49099.608583
9.0,332,49483.797934
2.0,224,49492.223912
5.0,350,49867.329495
4.0,298,49877.107108
0.0,127,49881.087202
0.0,127,49885.256788
1.0,172,50290.788588
0.0,127,50295.298189
9.0,382,50309.408883
13.0,457,50722.528574
6.0,397,51106.284902
10.0,454,51122.321038
11.0,433,51520.350766
6.0,333,51888.148645
6.0,343,51900.583245
6.0,375,52284.894967
3.0,249,52293.513655
7.0,387,52679.998354
12.0,541,53066.811992
3.0,234,53074.720553
6.0,334,53087.347716
3.0,213,53473.153578
0.0,127,53477.624615
0.0,125,53481.416197
11.0,386,53845.687037
8.0,395,53860.052746
12.0,536,54258.373907
18.0,538,54649.643665
12.0,480,55030.252335
6.0,378,55044.482644
16.0,683,55448.792758
14.0,520,55823.366314
1.0,157,55829.092072
23.0,737,56599.423806
19.0,586,56982.648238
9.0,527,57002.369939
13.0,517,57404.235449
5.0,293,57771.136582
6.0,342,57783.878491
17.0,602,58185.214993
6.0,312,58564.670747
18.0,590,58586.481419
14.0,532,58972.696526
9.0,436,59369.178968
30.0,463,59743.32025
5.0,310,59754.415857
34.0,721,60160.000836
32.0,770,60552.81806
20.0,810,61323.728597
7.0,345,61334.933311
13.0,447,61711.685701
13.0,561,62110.742455
11.0,519,62483.589669
12.0,510,62500.728204
10.0,475,62890.473873
23.0,529,63277.923826
9.0,479,63660.874492
17.0,609,64063.565419
18.0,772,64450.373857
18.0,495,64842.044849
11.0,460,64858.550994
13.0,598,65250.052227
32.0,883,66025.705331
12.0,557,66404.116015
33.0,768,66807.707724
11.0,425,66822.948023
8.0,391,67203.287933
32.0,1018,67982.294432
29.0,992,68364.96434
24.0,732,68764.967093
20.0,352,69147.066507
5.0,323,69158.021316
18.0,545,69542.642442
36.0,916,70254.59157
14.0,562,70609.769623
16.0,580,70629.005552
30.0,979,71347.026417
18.0,641,71717.497221
62.0,1419,72469.79931
62.0,1248,73202.04996
34.0,721,73570.171553
42.0,916,74277.737022
55.0,1400,75013.543216
79.0,1232,75747.091637
19.0,745,76108.826657
11.0,450,76471.083874
1.0,177,76476.666014
31.0,1040,77194.528519
57.0,1152,77974.221212
48.0,1097,78363.839957
45.0,1039,79089.244505
41.0,910,79455.888924
49.0,1323,80176.903675
9.0,409,80531.589449
62.0,1360,81253.574886
46.0,953,81966.500798
49.0,969,82331.578713
66.0,1070,83037.947263
0.0,127,6262.679094
5.0,348,6286.154392
0.0,129,6294.585042
0.0,127,6302.990735
0.0,129,6311.478768
0.0,125,6320.03929
1.0,171,6332.526438
0.0,127,6341.603368
0.0,125,6350.459879
0.0,129,6359.48346
0.0,129,6368.750089
3.0,272,6388.783943
0.0,127,6397.797652
0.0,125,6406.093677
0.0,129,6415.190781
3.0,252,6434.438813
3.0,229,6451.0039
0.0,129,6459.88818
2.0,204,6474.852636
4.0,297,6496.26562
4.0,301,6517.175506
0.0,127,6525.548648
0.0,127,6533.979968
0.0,129,6542.35952
0.0,129,6550.926308
0.0,129,6559.630422
0.0,125,6567.597817
0.0,127,6576.145466
2.0,201,6589.72834
2.0,222,6604.928844
0.0,127,6613.328263
0.0,125,6622.31795
5.0,352,6646.90273
5.0,285,6695.928293
1.0,173,6707.61719
4.0,314,6730.345099
0.0,129,6739.175051
2.0,202,6753.531835
0.0,127,6762.148443
0.0,125,6770.503075
1.0,173,6781.992055
2.0,204,6795.854687
0.0,129,6803.905318
3.0,271,6821.904247
0.0,125,6829.685543
2.0,223,6844.367851
0.0,127,6852.219883
2.0,220,6867.175536
7.0,328,6889.754651
3.0,248,6906.367161
1.0,173,6917.722961
0.0,123,6925.320252
1.0,173,6936.427471
3.0,250,6953.944035
0.0,129,6961.960006
0.0,127,6970.213423
2.0,198,6983.001373
0.0,125,6990.706953
1.0,155,7000.824532
3.0,252,7017.809636
1.0,151,7027.841731
0.0,129,7036.00938
2.0,218,7050.328518
3.0,268,7068.386965
0.0,127,7076.393163
2.0,205,7089.940914
0.0,129,7098.17995
5.0,347,7122.03062
2.0,186,7134.174558
2.0,200,7174.211843
0.0,129,7181.765478
1.0,172,7192.234564
0.0,129,7200.628061
0.0,125,7207.787388
0.0,123,7214.802655
2.0,202,7227.767003
5.0,329,7249.406003
0.0,127,7256.907488
2.0,200,7269.612844
0.0,129,7277.265752
0.0,127,7285.163329
0.0,129,7292.722916
10.0,427,7319.090653
0.0,129,7326.634955
1.0,155,7335.85902
1.0,155,7345.018163
2.0,200,7357.34693
0.0,129,7364.907817
0.0,123,7372.152535
1.0,155,7381.711438
2.0,202,7393.381896
3.0,251,7408.031345
1.0,176,7418.907429
2.0,220,7431.652599
2.0,203,7443.280436
0.0,129,7451.442592
2.0,220,7466.10913
0.0,127,7473.719969
6.0,329,7495.85728
0.0,129,7504.390297
1.0,155,7514.479082
4.0,321,7536.266113
1.0,171,7547.535535
0.0,127,7555.72228
0.0,127,7564.101199
0.0,129,7572.701251
0.0,127,7581.065432
1.0,178,7622.334837
2.0,220,7636.913551
3.0,250,7653.084454
1.0,153,7662.656628
2.0,201,7676.105321
3.0,230,7691.819451
2.0,203,7704.380317
1.0,171,7716.144558
1.0,151,7726.092106
1.0,157,7736.681375
1.0,155,7746.95315
3.0,234,7762.909453
1.0,157,7773.416911
1.0,155,7783.924193
0.0,127,7791.738564
0.0,125,7800.092523
2.0,202,7813.795454
0.0,125,7821.740079
3.0,230,7837.6251
2.0,224,7852.749686
1.0,155,7863.439354
3.0,234,7879.311755
5.0,332,7901.878246
1.0,175,7913.486727
1.0,157,7923.650438
1.0,175,7935.289556
2.0,223,7950.378258
0.0,129,7958.532725
0.0,125,7966.524712
2.0,202,7979.412841
3.0,252,7995.544272
0.0,129,8003.516801
0.0,129,8011.318471
0.0,129,8019.015349
2.0,201,8031.886405
1.0,157,8041.766466
3.0,232,8056.110605
0.0,129,8092.213707
1.0,175,8104.238489
5.0,344,8128.027002
0.0,127,8136.215343
2.0,202,8150.228128
4.0,279,8170.006153
1.0,173,8181.096856
1.0,157,8191.098608
9.0,389,8217.3689
0.0,129,8225.020131
1.0,155,8234.495607
0.0,129,8242.447795
0.0,127,8249.824948
0.0,129,8257.970791
4.0,321,8278.309581
0.0,127,8286.893602
2.0,200,8299.285192
1.0,173,8309.839499
0.0,129,8318.416134
0.0,125,8326.378412
1.0,177,8338.868046
0.0,123,8347.03347
2.0,222,8362.389788
2.0,204,8376.443029
0.0,129,8385.359556
1.0,175,8397.357343
5.0,311,8419.046397
3.0,249,8437.67229
3.0,252,8454.996084
1.0,171,8466.312558
1.0,155,8476.892901
0.0,127,8484.816871
0.0,125,8493.591555
3.0,273,8512.247184
0.0,125,8520.44467
2.0,222,8536.346905
1.0,153,8575.438058
1.0,170,8587.180619
0.0,129,8595.7513
0.0,125,8603.710488
2.0,207,8618.057596
3.0,235,8633.738482
0.0,123,8641.503368
0.0,127,8649.68762
2.0,199,8662.957482
1.0,157,8673.152915
1.0,176,8684.730457
0.0,127,8693.377237
2.0,206,8706.960312
2.0,224,8721.704717
0.0,127,8729.621789
3.0,250,8747.103513
2.0,202,8760.804628
0.0,127,8768.832998
1.0,155,8779.873917
0.0,127,8788.659165
0.0,129,8797.373798
0.0,129,8806.164862
4.0,297,8826.56464
1.0,174,8838.243623
2.0,203,8852.047394
1.0,157,8862.557209
1.0,178,8875.208985
0.0,127,8884.068071
1.0,173,8895.65731
0.0,129,8904.102843
2.0,204,8918.29692
0.0,129,8927.015023
0.0,125,8935.561288
6.0,400,8964.695195
1.0,175,8976.725431
0.0,123,8985.099294
1.0,155,8995.626312
2.0,204,9009.470237
1.0,175,9021.397232
2.0,198,9060.826634
1.0,177,9072.16732
4.0,277,9089.346166
8.0,373,9114.377429
1.0,155,9124.506607
2.0,192,9137.719501
0.0,127,9146.18055
0.0,129,9154.899643
5.0,348,9180.221031
5.0,368,9207.456738
0.0,129,9216.399092
0.0,129,9225.399658
1.0,173,9237.985469
4.0,300,9260.465586
7.0,419,9291.815941
3.0,247,9308.036895
2.0,229,9322.714383
0.0,127,9329.959401
1.0,157,9340.046956
1.0,157,9350.293865
2.0,201,9363.115082
0.0,127,9371.195609
2.0,204,9384.398015
1.0,172,9395.012747
1.0,155,9404.783774
2.0,202,9418.505245
0.0,129,9427.060322
2.0,202,9441.627166
2.0,203,9454.361783
0.0,127,9462.591056
3.0,230,9476.836998
3.0,239,9493.198795
0.0,129,9501.402893
0.0,127,9537.680541
0.0,129,9546.166628
2.0,203,9558.55085
0.0,127,9566.018375
4.0,299,9584.026248
7.0,323,9604.0998
0.0,127,9611.57694
2.0,187,9623.027975
1.0,171,9633.944131
0.0,125,9641.821518
1.0,171,9652.734237
0.0,129,9660.888448
2.0,202,9673.86398
0.0,129,9681.655589
2.0,206,9694.559552
1.0,153,9704.993934
0.0,129,9714.042729
1.0,153,9724.677083
2.0,203,9738.656403
0.0,129,9747.712375
2.0,205,9762.811277
3.0,250,9780.323598
0.0,125,9789.368108
1.0,155,9800.721118
2.0,182,9814.09497
1.0,173,9826.505794
1.0,155,9837.521657
0.0,127,9846.175849
1.0,157,9857.444111
1.0,169,9869.601052
0.0,127,9878.589015
1.0,173,9891.386839
0.0,129,9899.879692
0.0,125,9907.361181
1.0,171,9917.619895
1.0,173,9929.062031
0.0,127,9937.057997
0.0,127,9945.08993
2.0,223,9959.920805
0.0,129,9968.084916
2.0,186,9980.023715
1.0,155,10018.019612
1.0,173,10028.960097
2.0,183,10041.465502
0.0,127,10050.119954
4.0,301,10072.857106
1.0,175,10085.057069
2.0,199,10099.848462
1.0,173,10112.996126
2.0,201,10127.60959
1.0,175,10140.731343
0.0,129,10149.980039
0.0,129,10158.637718
2.0,223,10174.060422
1.0,157,10184.594044
0.0,125,10193.027717
0.0,129,10201.719723
1.0,155,10212.535694
0.0,129,10221.830419
3.0,252,10238.620724
0.0,127,10246.66167
0.0,129,10253.886158
1.0,177,10264.383229
1.0,171,10276.754117
0.0,127,10284.731547
2.0,182,10296.671422
0.0,127,10304.921414
1.0,173,10316.278042
0.0,125,10324.153695
1.0,173,10335.786483
0.0,127,10344.047592
1.0,174,10355.953131
0.0,127,10363.871806
0.0,127,10372.484015
1.0,153,10382.619921
4.0,288,10403.241266
1.0,174,10415.200399
3.0,252,10433.448105
0.0,127,10441.845015
0.0,127,10450.029521
1.0,171,10461.485998
2.0,188,10474.443079
4.0,304,10528.836314
3.0,228,10545.51342
0.0,125,10553.466911
3.0,272,10574.795483
0.0,127,10584.344776
1.0,173,10597.679602
3.0,274,10619.931539
2.0,184,10634.06921
3.0,252,10653.735455
0.0,125,10662.603775
1.0,175,10674.963885
6.0,360,10702.710911
0.0,129,10712.254157
1.0,176,10725.099274
2.0,226,10742.312186
3.0,234,10760.658978
2.0,226,10778.487629
2.0,200,10793.46806
0.0,127,10802.578772
0.0,127,10811.894145
2.0,202,10826.556465
0.0,127,10835.764652
2.0,225,10852.685075
1.0,155,10863.659214
2.0,208,10878.293019
0.0,129,10887.096669
0.0,127,10895.691976
3.0,231,10912.041867
0.0,127,10920.367966
0.0,125,10928.781196
0.0,127,10937.61761
1.0,171,10949.420735
3.0,228,10966.068239
0.0,127,10974.607494
1.0,153,10984.939268
1.0,155,10995.601929
1.0,173,11007.943467
0.0,127,11046.027569
0.0,129,11055.37248
1.0,155,11065.523585
1.0,175,11077.151607
3.0,253,11095.160094
1.0,157,11105.792673
1.0,175,11117.897343
0.0,127,11125.899431
0.0,127,11134.180779
0.0,129,11142.68708
1.0,173,11153.538905
3.0,240,11169.190871
0.0,125,11176.918218
2.0,224,11191.260543
4.0,282,11210.926061
1.0,173,11221.88132
0.0,129,11230.584468
3.0,271,11248.330188
3.0,270,11266.696179
0.0,127,11275.083874
0.0,129,11283.177287
2.0,198,11295.936452
1.0,155,11305.477757
1.0,176,11317.035868
1.0,155,11327.372015
0.0,127,11335.177136
0.0,129,11343.793905
0.0,127,11351.716687
1.0,157,11362.095319
4.0,280,11381.036229
1.0,176,11392.875814
0.0,125,11400.458089
0.0,129,11408.775343
3.0,272,11426.651339
1.0,173,11438.127585
3.0,272,11456.181079
0.0,127,11464.325394
2.0,202,11477.629784
0.0,127,11485.742456
0.0,127,11523.406848
0.0,129,11531.599388
2.0,222,11545.650887
0.0,129,11553.744672
0.0,129,11562.146065
0.0,127,11569.832134
5.0,348,11593.627797
1.0,174,11604.961688
2.0,184,11617.256535
6.0,396,11645.382862
1.0,157,11655.804071
0.0,125,11664.222692
0.0,129,11672.093148
2.0,202,11685.891913
0.0,129,11694.855795
4.0,247,11711.780665
5.0,350,11735.932942
0.0,129,11743.952527
0.0,127,11751.482807
1.0,176,11762.275652
6.0,361,11784.258746
2.0,202,11796.600449
2.0,199,11808.644519
0.0,127,11815.889545
0.0,129,11823.589185
2.0,224,11837.61403
0.0,129,11845.107058
1.0,178,11857.002943
1.0,153,11867.812118
2.0,203,11881.908622
0.0,127,11889.968029
3.0,236,11907.251504
1.0,159,11919.048341
0.0,127,11928.325463
4.0,279,11949.669719
2.0,204,11964.876827
1.0,175,12010.482983
3.0,254,12029.216361
3.0,216,12045.075336
3.0,249,12062.881823
0.0,127,12071.465106
2.0,203,12085.838213
2.0,202,12100.616854
1.0,173,12112.793124
1.0,173,12126.496402
0.0,125,12135.336088
0.0,127,12144.823655
1.0,175,12158.183203
0.0,125,12167.043144
2.0,223,12184.073197
0.0,129,12193.670584
1.0,175,12206.792253
0.0,127,12215.521825
1.0,155,12227.681879
1.0,170,12239.817424
0.0,129,12249.215644
2.0,223,12266.195102
1.0,159,12278.103498
0.0,125,12286.937675
3.0,228,12304.754709
2.0,198,12319.795395
0.0,125,12329.056767
1.0,157,12340.787662
2.0,222,12357.138609
3.0,244,12376.1518
2.0,217,12392.242336
5.0,330,12417.887695
1.0,176,12430.665126
0.0,129,12439.483871
2.0,203,12454.026662
0.0,129,12463.195535
0.0,127,12472.05172
0.0,125,12480.573421
1.0,155,12491.615279
1.0,155,12532.367385
0.0,125,12540.75307
1.0,159,12551.719466
2.0,183,12564.151675
0.0,127,12572.056799
0.0,127,12580.648299
4.0,298,12600.950723
1.0,157,12611.910151
4.0,297,12632.362078
1.0,175,12643.791927
0.0,127,12652.286992
0.0,129,12660.465241
1.0,171,12670.987201
1.0,174,12682.172755
0.0,127,12689.532647
2.0,219,12703.645666
1.0,159,12713.374941
1.0,173,12724.225184
1.0,173,12735.446074
3.0,226,12749.98321
0.0,129,12757.891965
6.0,398,12784.225584
1.0,173,12795.893533
6.0,396,12822.102713
0.0,129,12830.685879
0.0,125,12838.819104
2.0,226,12854.71296
0.0,127,12862.812387
0.0,129,12871.344704
0.0,125,12879.364979
1.0,157,12890.115201
4.0,299,12911.668419
2.0,200,12925.434699
2.0,203,12939.911756
0.0,125,12948.079355
1.0,173,12960.243511
0.0,127,12968.859782
0.0,129,12977.508955
1.0,172,13019.820914
0.0,127,13028.175446
2.0,202,13041.565368
0.0,127,13049.886941
3.0,250,13067.613436
0.0,129,13076.348175
2.0,205,13090.653992
0.0,125,13099.168007
0.0,125,13107.612653
1.0,171,13119.904934
0.0,127,13128.395532
2.0,202,13142.917611
0.0,129,13151.773378
3.0,248,13169.510084
3.0,230,13186.433545
0.0,129,13195.484156
3.0,252,13213.862864
0.0,127,13222.851424
3.0,276,13242.658517
0.0,125,13250.538344
0.0,125,13258.710996
3.0,250,13276.638148
1.0,173,13288.312601
2.0,200,13302.600683
2.0,221,13317.944917
0.0,127,13326.766179
1.0,157,13337.384609
1.0,176,13349.451349
3.0,255,13368.50622
4.0,297,13389.562744
1.0,160,13400.758611
0.0,127,13408.626731
0.0,129,13416.691568
5.0,350,13440.868235
1.0,157,13450.756136
0.0,129,13459.367364
3.0,250,13476.113518
2.0,204,13521.099015
3.0,232,13537.458328
2.0,200,13551.217934
4.0,267,13570.309035
0.0,127,13578.601681
3.0,275,13597.503602
0.0,125,13606.015603
0.0,127,13614.134635
0.0,129,13622.738441
2.0,221,13638.087543
0.0,123,13646.040199
2.0,201,13659.605708
3.0,271,13678.080475
1.0,156,13689.243906
1.0,175,13701.301124
1.0,177,13713.6219
1.0,153,13723.835802
1.0,157,13735.073701
0.0,129,13743.365576
0.0,129,13751.965942
4.0,301,13773.633742
3.0,250,13791.643208
3.0,252,13810.050362
0.0,123,13818.321489
3.0,268,13837.493388
2.0,200,13851.545486
1.0,175,13863.292564
3.0,230,13880.154371
0.0,127,13888.766279
2.0,184,13901.875228
0.0,127,13910.416919
2.0,202,13924.058742
3.0,247,13942.04552
0.0,127,13950.629446
2.0,202,13965.249462
3.0,246,14014.552412
0.0,125,14022.706744
2.0,202,14037.342279
0.0,125,14045.776399
3.0,233,14061.648643
3.0,252,14078.458095
0.0,127,14086.051508
0.0,129,14094.468349
1.0,155,14105.440152
4.0,301,14125.954796
2.0,204,14138.108308
0.0,127,14145.544159
0.0,129,14153.211553
0.0,127,14160.780225
3.0,248,14176.389494
4.0,278,14192.947419
1.0,173,14202.662047
2.0,185,14214.466594
0.0,129,14221.552764
6.0,399,14248.463238
0.0,129,14257.013887
0.0,129,14264.763661
4.0,319,14287.908277
10.0,433,14318.596548
0.0,129,14326.961182
2.0,201,14340.541734
3.0,250,14358.899441
2.0,200,14372.49081
2.0,220,14387.89681
0.0,129,14396.931558
3.0,252,14415.00857
1.0,172,14426.842601
1.0,173,14438.367883
1.0,173,14450.453835
3.0,252,14498.469728
1.0,155,14508.605695
1.0,158,14519.581956
0.0,129,14527.929472
3.0,232,14544.229864
2.0,220,14559.615426
0.0,127,14567.840571
0.0,129,14576.691507
1.0,173,14587.772892
0.0,125,14596.111896
4.0,282,14616.01081
0.0,125,14624.108151
0.0,125,14631.994697
3.0,228,14648.252188
2.0,198,14661.16361
0.0,129,14668.617693
2.0,202,14681.630747
3.0,270,14699.299003
0.0,129,14706.991788
3.0,274,14725.223869
0.0,129,14733.121251
2.0,225,14747.710201
0.0,127,14755.641401
2.0,201,14768.520284
0.0,127,14776.349335
2.0,223,14791.078801
1.0,155,14800.837027
0.0,127,14808.632133
0.0,127,14816.558993
3.0,250,14832.835278
0.0,129,14840.253408
1.0,173,14851.158465
5.0,352,14873.998586
0.0,129,14881.326718
2.0,204,14893.485121
0.0,127,14901.520755
0.0,129,14908.929209
0.0,127,14916.898327
0.0,129,14924.428203
1.0,173,14961.014941
5.0,333,14980.585714
0.0,127,14987.500144
0.0,127,14994.423775
3.0,275,15010.475701
3.0,250,15026.121476
2.0,207,15038.339796
0.0,125,15045.126079
3.0,250,15059.591614
0.0,127,15066.861379
2.0,218,15080.715585
2.0,200,15092.042296
0.0,125,15098.630691
0.0,125,15106.491464
3.0,233,15120.845906
1.0,173,15131.823122
3.0,253,15147.604076
2.0,222,15162.210037
1.0,173,15173.588084
0.0,127,15181.731712
1.0,173,15193.285728
0.0,129,15201.833995
3.0,268,15219.800041
0.0,127,15228.054516
2.0,205,15241.482995
0.0,129,15249.429116
0.0,123,15257.090461
3.0,250,15273.791264
3.0,252,15291.093599
0.0,129,15299.068434
0.0,123,15307.127482
2.0,202,15320.438767
0.0,127,15328.522968
0.0,127,15337.014682
3.0,276,15356.229083
0.0,123,15364.344109
4.0,279,15412.607705
0.0,125,15420.422575
0.0,129,15428.658076
1.0,174,15440.078065
2.0,200,15453.4205
5.0,347,15477.003013
1.0,176,15488.580172
2.0,200,15500.876007
0.0,127,15508.282926
0.0,127,15515.51176
2.0,223,15528.620642
0.0,129,15536.197117
0.0,127,15543.412411
4.0,238,15558.146446
2.0,224,15571.81297
1.0,157,15581.281718
1.0,173,15591.831352
3.0,251,15607.51006
1.0,173,15618.506815
2.0,200,15629.909813
0.0,127,15637.271243
2.0,225,15651.030519
0.0,129,15658.372359
4.0,263,15674.330658
0.0,127,15681.311766
0.0,127,15688.783947
0.0,129,15696.207121
1.0,158,15705.10343
1.0,173,15715.558137
6.0,379,15739.337706
0.0,127,15746.413692
5.0,352,15768.275894
2.0,202,15780.167384
1.0,171,15790.275376
0.0,127,15797.43566
4.0,301,15816.065598
0.0,127,15849.574534
1.0,168,15858.983946
2.0,198,15870.285772
3.0,235,15884.13907
0.0,127,15891.141726
3.0,266,15908.003692
7.0,324,15927.572637
0.0,125,15934.781783
0.0,125,15941.683626
0.0,127,15948.866153
3.0,232,15963.027636
0.0,127,15970.28945
6.0,400,15994.866391
2.0,202,16007.238818
0.0,129,16014.84985
0.0,129,16022.758756
0.0,127,16029.863663
0.0,127,16037.774339
0.0,125,16044.54684
4.0,326,16066.061854
3.0,250,16081.118315
1.0,155,16090.243673
5.0,351,16112.705462
0.0,129,16120.015659
0.0,129,16126.986192
0.0,129,16135.011803
2.0,202,16147.564636
4.0,308,16166.59652
5.0,307,16185.46114
1.0,155,16193.676903
0.0,125,16200.899808
1.0,173,16210.290384
3.0,244,16224.785474
2.0,219,16237.518462
3.0,248,16275.619893
4.0,302,16291.892888
0.0,127,16298.611474
3.0,230,16312.080508
0.0,127,16318.246064
0.0,125,16324.938875
1.0,173,16334.385559
2.0,223,16347.255958
0.0,125,16353.774602
4.0,279,16369.809102
1.0,175,16379.349081
2.0,203,16391.84497
0.0,127,16398.230094
3.0,272,16414.549337
4.0,319,16434.167728
3.0,248,16450.11191
4.0,281,16468.364256
1.0,155,16478.273419
0.0,127,16485.663615
1.0,153,16495.60651
1.0,173,16506.784087
3.0,249,16523.631403
0.0,125,16531.504682
0.0,125,16539.183893
4.0,299,16559.843014
2.0,200,16573.793533
5.0,330,16596.574323
0.0,125,16604.462703
3.0,246,16620.778474
1.0,157,16630.735338
3.0,251,16647.626955
0.0,123,16655.556438
2.0,201,16668.824049
0.0,129,16677.095461
2.0,185,16717.429873
0.0,129,16726.301135
1.0,173,16737.996465
0.0,127,16746.004059
1.0,151,16755.836287
4.0,298,16776.718735
3.0,252,16793.535253
0.0,129,16801.892016
0.0,129,16809.743495
0.0,127,16817.916685
0.0,125,16825.721433
1.0,173,16836.891244
1.0,178,16848.915358
1.0,155,16859.053437
1.0,155,16869.363355
2.0,218,16884.343174
3.0,250,16901.312412
1.0,173,16912.606485
0.0,127,16920.806663
5.0,349,16944.108088
0.0,125,16951.198538
0.0,129,16959.275769
0.0,129,16966.931853
0.0,129,16974.137297
0.0,129,16981.668435
3.0,232,16995.55535
1.0,153,17004.075842
0.0,129,17011.238566
4.0,303,17029.749339
3.0,251,17044.240163
4.0,297,17061.722759
0.0,129,17069.180126
3.0,248,17084.508745
0.0,127,17091.850218
0.0,129,17098.99815
1.0,174,17109.387318
0.0,129,17117.14266
0.0,129,17124.879301
0.0,127,17133.151725
0.0,129,17140.870088
2.0,183,17179.064779
1.0,159,17189.035635
0.0,127,17196.710138
0.0,125,17204.30792
1.0,155,17214.304419
2.0,230,17229.071899
2.0,200,17241.944984
0.0,129,17249.772755
1.0,154,17258.844972
0.0,125,17266.540536
0.0,129,17273.831978
3.0,215,17287.903434
2.0,202,17301.334583
0.0,127,17308.928395
3.0,270,17326.44451
3.0,231,17340.792463
1.0,155,17350.350638
1.0,150,17359.714333
0.0,125,17367.019046
4.0,322,17388.525105
2.0,206,17402.622845
4.0,276,17423.000327
0.0,123,17431.007263
1.0,173,17443.563609
2.0,183,17456.359198
0.0,127,17465.237
2.0,182,17478.638099
1.0,178,17491.550061
0.0,127,17499.570757
1.0,175,17510.496618
1.0,155,17519.694508
2.0,204,17532.292786
0.0,129,17540.260911
0.0,129,17547.8729
0.0,129,17555.232265
0.0,127,17563.651003
2.0,206,17576.843774
1.0,154,17585.888961
2.0,202,17597.788092
3.0,271,17638.705848
2.0,220,17651.442467
0.0,127,17657.909623
2.0,202,17669.260849
0.0,127,17676.267525
0.0,127,17682.860042
2.0,224,17695.626289
0.0,127,17702.773517
2.0,219,17715.696249
0.0,129,17722.858213
1.0,173,17732.786883
1.0,173,17742.694555
1.0,173,17753.262362
0.0,129,17760.879489
2.0,203,17772.707503
0.0,127,17779.783134
1.0,174,17790.42006
2.0,225,17804.139529
1.0,176,17814.10527
0.0,129,17821.337229
3.0,253,17837.213176
3.0,272,17853.849449
1.0,155,17863.27942
2.0,185,17874.639346
1.0,176,17886.619252
3.0,251,17904.527735
2.0,190,17917.697169
1.0,173,17929.372452
0.0,125,17937.986699
1.0,173,17950.369005
2.0,202,17965.031106
3.0,251,17983.855317
3.0,248,17999.983784
0.0,125,18007.335655
1.0,171,18018.022014
3.0,235,18033.680022
0.0,127,18041.829911
0.0,127,18078.032746
5.0,349,18102.828332
0.0,129,18112.088341
5.0,329,18138.341092
0.0,129,18147.883618
1.0,172,18161.081795
0.0,127,18170.860683
2.0,201,18186.07783
1.0,170,18199.319335
5.0,350,18225.50644
4.0,317,18246.733514
1.0,173,18257.821204
1.0,177,18269.063695
0.0,129,18276.75487
0.0,129,18284.66605
4.0,299,18305.096739
2.0,184,18316.410522
3.0,276,18334.627459
0.0,127,18342.843544
0.0,129,18351.627512
0.0,127,18359.063418
0.0,129,18366.843844
1.0,173,18377.218083
2.0,206,18390.518362
0.0,129,18398.189539
0.0,129,18405.82734
7.0,324,18426.306817
4.0,320,18446.760032
4.0,265,18463.319286
0.0,129,18470.560353
0.0,127,18477.955967
0.0,125,18485.314711
4.0,299,18503.539388
0.0,127,18511.171552
0.0,127,18519.739315
2.0,204,18558.455533
0.0,129,18566.255331
0.0,127,18573.880505
0.0,129,18582.061746
2.0,198,18594.139909
1.0,175,18604.500727
0.0,127,18611.520093
2.0,199,18623.80454
6.0,384,18648.283999
4.0,301,18667.904102
0.0,127,18675.683848
0.0,129,18683.167566
0.0,125,18690.959836
9.0,421,18718.485127
4.0,299,18737.63108
3.0,269,18754.352559
3.0,250,18769.827767
4.0,300,18788.580589
1.0,159,18798.071237
0.0,125,18805.205002
1.0,175,18816.228147
3.0,268,18832.569712
0.0,127,18840.246133
0.0,125,18847.69345
2.0,204,18860.466963
3.0,248,18876.376911
0.0,127,18883.716408
0.0,123,18891.237904
0.0,129,18899.018049
1.0,173,18909.699548
0.0,129,18917.281511
0.0,129,18925.292162
0.0,127,18932.596048
2.0,206,18945.87851
0.0,127,18953.209755
0.0,127,18960.857531
2.0,200,18998.850552
2.0,202,19011.966027
1.0,173,19022.543809
0.0,129,19030.465639
0.0,129,19038.242578
5.0,330,19058.942395
0.0,127,19066.327503
3.0,272,19083.023247
1.0,173,19094.081172
1.0,174,19104.915534
0.0,129,19112.651419
2.0,225,19126.839555
0.0,129,19135.187615
2.0,202,19149.180227
2.0,228,19164.251868
4.0,281,19182.779274
0.0,127,19190.89097
1.0,173,19202.487023
0.0,127,19210.323424
3.0,274,19228.522309
1.0,173,19239.659447
2.0,200,19252.647573
0.0,125,19260.051591
0.0,123,19267.59602
0.0,129,19275.543846
0.0,127,19283.403119
5.0,330,19305.643587
0.0,127,19313.771802
0.0,127,19322.173966
1.0,157,19332.843313
0.0,129,19341.350556
2.0,200,19354.910642
0.0,127,19363.225693
0.0,123,19371.398121
5.0,354,19396.430564
5.0,329,19419.260672
0.0,127,19427.231465
1.0,173,19465.736792
1.0,178,19477.158225
11.0,472,19508.383271
3.0,254,19526.160619
0.0,127,19533.996198
3.0,269,19552.220608
0.0,129,19560.594424
1.0,156,19570.591891
1.0,173,19581.748549
0.0,125,19590.154234
1.0,176,19601.015639
4.0,297,19620.607065
1.0,153,19630.547261
1.0,174,19641.68765
0.0,129,19649.913697
1.0,173,19660.604244
1.0,154,19669.867366
4.0,299,19688.280137
0.0,127,19695.597298
0.0,129,19703.086774
0.0,129,19710.453323
1.0,175,19721.275022
0.0,127,19729.161855
0.0,129,19736.599809
4.0,301,19754.809326
0.0,129,19762.560427
1.0,171,19773.074226
2.0,200,19786.014254
2.0,200,19797.779686
0.0,125,19805.003937
1.0,173,19815.864254
1.0,173,19826.794629
2.0,200,19839.914752
1.0,155,19849.477377
0.0,129,19857.545818
1.0,173,19868.449415
0.0,127,19875.808145
0.0,127,19884.068148
1.0,173,19919.795656
0.0,125,19927.324063
1.0,176,19938.69545
2.0,204,19951.585993
3.0,268,19968.956448
0.0,129,19976.881701
2.0,224,19991.631256
1.0,174,20002.379516
0.0,125,20009.906149
0.0,127,20018.239316
3.0,251,20034.465908
2.0,202,20047.176043
4.0,299,20066.311389
2.0,222,20080.555384
1.0,155,20089.69294
1.0,155,20098.899834
0.0,125,20106.782382
1.0,173,20117.911461
2.0,203,20130.083793
0.0,125,20137.542673
0.0,127,20145.234043
5.0,352,20168.118055
0.0,127,20175.872687
1.0,155,20184.7672
1.0,175,20195.391758
0.0,125,20202.333571
0.0,125,20209.075725
3.0,237,20223.093536
3.0,253,20238.577309
0.0,127,20245.85463
1.0,175,20256.170059
1.0,155,20265.134996
0.0,127,20272.320286
0.0,129,20279.510428
0.0,127,20286.797822
1.0,173,20298.376162
0.0,125,20305.43449
0.0,127,20312.831456
0.0,125,20319.524009
3.0,275,20363.415463
2.0,184,20374.60438
2.0,201,20387.220542
1.0,173,20398.273644
0.0,129,20405.703713
1.0,153,20415.739249
2.0,203,20427.482792
0.0,129,20434.513127
2.0,202,20446.61154
5.0,305,20464.784033
0.0,127,20472.255329
0.0,129,20479.837847
2.0,199,20491.736148
1.0,155,20500.368029
0.0,129,20507.439044
1.0,171,20517.312462
3.0,233,20531.407964
3.0,255,20548.045634
0.0,125,20554.832753
1.0,173,20564.492203
2.0,202,20577.518908
0.0,125,20584.960843
3.0,250,20600.674375
5.0,323,20622.109869
1.0,155,20632.333615
3.0,268,20649.511221
0.0,129,20657.437722
1.0,155,20667.348507
3.0,248,20683.796308
0.0,129,20692.229978
2.0,202,20705.615977
0.0,129,20713.370106
5.0,306,20733.632699
2.0,200,20746.554274
0.0,125,20754.448817
1.0,172,20765.210915
4.0,318,20812.49904
1.0,176,20823.727698
0.0,129,20831.662613
1.0,175,20843.004134
2.0,207,20857.079713
0.0,129,20865.555815
1.0,173,20877.083032
3.0,250,20893.892297
1.0,176,20905.775387
1.0,175,20917.441337
0.0,129,20925.234524
0.0,127,20932.870492
3.0,230,20947.594258
0.0,127,20955.479248
0.0,123,20962.867884
2.0,202,20975.050024
6.0,380,21000.059291
1.0,173,21010.42125
0.0,123,21017.745923
2.0,202,21030.501548
2.0,200,21044.151878
1.0,155,21053.357988
0.0,129,21060.736595
0.0,129,21068.098525
4.0,299,21088.282971
2.0,221,21102.820614
0.0,129,21111.024451
0.0,129,21119.031262
0.0,125,21126.797329
2.0,190,21139.066895
1.0,173,21149.995532
1.0,173,21161.241214
0.0,127,21168.612266
0.0,125,21176.328926
0.0,125,21183.779876
0.0,129,21191.448813
0.0,127,21199.091772
0.0,127,21206.347455
2.0,202,21218.866192
0.0,129,21226.68597
0.0,129,21261.104801
1.0,157,21270.486661
0.0,125,21278.20561
2.0,200,21290.677315
3.0,252,21306.885665
0.0,127,21314.995353
1.0,173,21325.93566
2.0,204,21338.884234
1.0,173,21349.95742
0.0,129,21357.69125
2.0,202,21370.343702
2.0,208,21383.833264
0.0,129,21392.086075
2.0,202,21404.951318
0.0,127,21412.428061
1.0,155,21422.003785
2.0,202,21435.220035
2.0,202,21447.843593
0.0,129,21455.971506
0.0,127,21463.467805
0.0,127,21471.147546
0.0,125,21479.043255
2.0,222,21493.305644
2.0,202,21505.955943
2.0,202,21518.38204
0.0,129,21526.154121
1.0,174,21536.829418
3.0,272,21554.403852
2.0,225,21568.430164
0.0,129,21576.378124
0.0,123,21583.804858
5.0,350,21605.88262
2.0,204,21618.552118
4.0,321,21638.57176
0.0,129,21646.527107
2.0,225,21660.351822
1.0,175,21671.017169
0.0,125,21677.700988
0.0,123,21709.022626
1.0,175,21719.756732
2.0,200,21731.650381
5.0,350,21753.648763
1.0,176,21764.09038
2.0,198,21775.970603
7.0,426,21803.155824
0.0,127,21810.639683
1.0,173,21821.315298
6.0,382,21847.063865
0.0,127,21854.857965
5.0,325,21876.062913
0.0,127,21884.196735
6.0,374,21909.205781
2.0,224,21923.568696
7.0,425,21951.649466
0.0,125,21959.251616
0.0,129,21966.872006
0.0,127,21975.144083
0.0,127,21982.41045
0.0,127,21990.063944
1.0,172,22000.898047
0.0,129,22008.731532
0.0,129,22015.801182
0.0,127,22023.738412
0.0,125,22031.280793
1.0,173,22042.509858
2.0,205,22055.61385
6.0,408,22083.028831
1.0,178,22094.470789
0.0,129,22102.975607
0.0,127,22110.719423
0.0,129,22118.788977
0.0,125,22126.607381
2.0,200,22163.652699
7.0,322,22184.14812
2.0,202,22196.625753
2.0,202,22209.533111
0.0,127,22216.862573
1.0,155,22225.948842
0.0,127,22233.82415
0.0,127,22242.306587
1.0,173,22252.818273
0.0,129,22260.366962
0.0,129,22268.515614
1.0,173,22279.131471
0.0,127,22286.772046
4.0,301,22306.727193
2.0,185,22319.161118
5.0,350,22342.630531
1.0,157,22352.452279
4.0,280,22371.096138
1.0,173,22382.82723
0.0,129,22391.004498
1.0,157,22400.766223
0.0,129,22409.285293
0.0,129,22417.860006
0.0,129,22426.03258
1.0,173,22436.910488
0.0,127,22444.180481
0.0,127,22451.988119
0.0,129,22459.383169
0.0,127,22466.985977
1.0,173,22477.364925
4.0,263,22492.868731
0.0,129,22500.157856
0.0,129,22507.372019
4.0,293,22525.235352
0.0,127,22532.590264
2.0,203,22544.905709
0.0,127,22552.177981
0.0,129,22560.846351
2.0,190,22572.466528
0.0,127,22606.60291
3.0,253,22624.291274
2.0,203,22638.215571
4.0,298,22658.618968
1.0,173,22669.971795
1.0,176,22681.846095
1.0,173,22693.367862
5.0,346,22717.767356
3.0,255,22735.481106
2.0,222,22750.828798
0.0,129,22758.890885
0.0,129,22767.432901
1.0,176,22779.220263
0.0,129,22787.432811
0.0,129,22795.182121
2.0,202,22808.800174
0.0,127,22817.01803
0.0,127,22825.568688
2.0,203,22839.558977
3.0,269,22857.841061
0.0,127,22866.577951
5.0,349,22889.211614
10.0,431,22915.876976
0.0,125,22923.144579
3.0,274,22940.029967
2.0,202,22952.7771
0.0,127,22960.185083
4.0,299,22978.812456
2.0,182,22991.087445
0.0,127,22998.526524
1.0,155,23007.688128
0.0,129,23015.124492
2.0,201,23028.954281
4.0,299,23077.092738
0.0,129,23084.57967
2.0,185,23096.53918
0.0,129,23105.07706
1.0,170,23115.834472
3.0,251,23132.17567
3.0,251,23148.775164
0.0,129,23157.215104
0.0,129,23165.215884
1.0,173,23176.350019
0.0,127,23184.117874
0.0,129,23191.957885
1.0,173,23203.265432
1.0,171,23214.009027
0.0,129,23222.014484
0.0,127,23230.183316
5.0,371,23254.972335
0.0,127,23262.933177
0.0,129,23270.821204
0.0,129,23278.465517
0.0,127,23286.055627
3.0,250,23302.636488
0.0,129,23310.680959
0.0,127,23318.391988
2.0,224,23333.558268
0.0,129,23341.19918
5.0,352,23363.764304
2.0,186,23375.267599
2.0,202,23387.771955
6.0,400,23414.03572
0.0,127,23421.978915
0.0,127,23429.813942
0.0,129,23437.928249
0.0,129,23446.584101
0.0,125,23454.778054
0.0,123,23462.414865
3.0,246,23479.469709
0.0,127,23487.718055
2.0,198,23500.436273
9.0,402,23553.252301
0.0,127,23561.131344
1.0,173,23572.393118
6.0,399,23599.542238
0.0,127,23607.826591
0.0,129,23615.83277
0.0,127,23623.488415
0.0,129,23631.394749
9.0,404,23658.166662
2.0,200,23670.852445
0.0,127,23679.208571
0.0,127,23687.412588
3.0,246,23702.735058
0.0,129,23710.009316
0.0,127,23717.519566
0.0,125,23724.725458
5.0,335,23745.771788
2.0,198,23758.141395
1.0,173,23768.391603
2.0,202,23780.231363
0.0,127,23787.681427
0.0,127,23795.380531
2.0,202,23807.788052
0.0,127,23816.263621
0.0,127,23823.387945
0.0,129,23831.596318
6.0,379,23856.530679
0.0,129,23864.088646
0.0,125,23872.157957
2.0,202,23885.058503
2.0,202,23898.270243
0.0,129,23906.490092
5.0,350,23929.687355
0.0,127,23937.451802
0.0,129,23945.102462
0.0,129,23953.025633
2.0,205,23992.316129
0.0,127,23999.789004
8.0,372,24022.730179
0.0,129,24029.343864
2.0,202,24041.433595
0.0,127,24049.314767
1.0,154,24058.043409
0.0,129,24065.127317
0.0,127,24072.708341
0.0,129,24079.162757
0.0,129,24086.345265
10.0,450,24112.003117
0.0,127,24118.686993
0.0,127,24125.0368
0.0,129,24132.512709
2.0,202,24143.687609
0.0,129,24150.162479
5.0,352,24170.537199
2.0,202,24181.972217
0.0,129,24189.719801
3.0,248,24204.089504
0.0,127,24211.021307
2.0,200,24222.793671
0.0,127,24229.975857
7.0,430,24256.48221
1.0,175,24266.521379
0.0,129,24273.479457
0.0,129,24281.5862
0.0,129,24288.223972
10.0,455,24317.364907
7.0,322,24336.113774
0.0,129,24343.636152
1.0,173,24353.326589
2.0,201,24365.192412
0.0,127,24372.232773
5.0,352,24420.041616
0.0,127,24427.371895
0.0,127,24435.222512
0.0,125,24442.584626
0.0,129,24450.016411
3.0,270,24466.631233
2.0,198,24478.445513
5.0,350,24499.525815
0.0,129,24506.476904
5.0,350,24527.747035
0.0,127,24534.828606
0.0,129,24541.862305
2.0,200,24553.523016
9.0,404,24579.435925
3.0,250,24594.614371
0.0,129,24601.703235
3.0,248,24617.61121
0.0,127,24625.190326
0.0,129,24632.9015
0.0,125,24640.408642
1.0,157,24650.267399
0.0,127,24657.225899
0.0,129,24665.045822
9.0,427,24692.974707
0.0,127,24700.576212
2.0,202,24713.679308
0.0,129,24721.243661
5.0,350,24744.228357
0.0,129,24751.774722
0.0,129,24760.130511
0.0,127,24768.263406
4.0,297,24788.013076
0.0,129,24795.989501
0.0,129,24803.789734
2.0,202,24841.963769
0.0,127,24849.642753
4.0,297,24869.098675
10.0,452,24898.803183
9.0,404,24926.627978
5.0,347,24949.017823
0.0,129,24958.179404
6.0,399,24987.77115
2.0,198,25002.120039
2.0,198,25016.336187
0.0,125,25025.152322
9.0,403,25055.530991
2.0,200,25069.832566
0.0,125,25078.339415
0.0,127,25086.757368
0.0,129,25094.560908
3.0,248,25111.289395
0.0,125,25119.571554
0.0,127,25127.855063
0.0,125,25135.125844
5.0,350,25159.273816
5.0,350,25184.475935
0.0,129,25193.045452
9.0,424,25223.359761
0.0,125,25231.56038
0.0,127,25239.757194
2.0,200,25253.184896
4.0,297,25272.833799
0.0,127,25280.464758
0.0,127,25288.637411
0.0,125,25296.273956
2.0,202,25336.068275
5.0,350,25359.017278
9.0,401,25386.170878
0.0,125,25393.968276
5.0,344,25417.253702
9.0,404,25443.419892
2.0,202,25456.005193
5.0,329,25477.640487
0.0,127,25485.379837
0.0,129,25493.155885
3.0,248,25509.833733
3.0,246,25525.565614
2.0,198,25538.022451
0.0,129,25545.95626
0.0,127,25553.58606
2.0,202,25566.735955
0.0,129,25573.956605
5.0,350,25596.948604
0.0,127,25604.702045
0.0,127,25612.215155
0.0,129,25619.836074
0.0,127,25628.168946
13.0,456,25657.447562
0.0,125,25665.665365
0.0,129,25673.383927
2.0,198,25685.873584
0.0,129,25693.640099
0.0,123,25701.460245
2.0,200,25713.527018
0.0,129,25721.495273
0.0,129,25728.77428
5.0,350,25774.381224
0.0,129,25781.598603
0.0,125,25787.897777
1.0,153,25796.136679
2.0,202,25806.9453
5.0,350,25827.160865
0.0,127,25833.943638
0.0,129,25841.708373
0.0,129,25849.023685
0.0,129,25855.627424
0.0,127,25862.467357
2.0,202,25874.078829
2.0,202,25885.869861
0.0,129,25893.414377
4.0,299,25911.130666
0.0,129,25919.185293
0.0,125,25925.532164
0.0,125,25932.682539
0.0,127,25940.071786
1.0,173,25949.812633
0.0,127,25956.93593
9.0,404,25981.055043
0.0,127,25988.31016
0.0,129,25996.039337
0.0,129,26003.20108
2.0,218,26016.230789
0.0,129,26022.823563
0.0,129,26030.265817
0.0,127,26036.560463
5.0,348,26057.089103
2.0,202,26068.452078
0.0,129,26075.488474
0.0,127,26082.358105
0.0,127,26089.295803
0.0,127,26095.527439
2.0,200,26106.762456
0.0,129,26113.722566
0.0,129,26120.252174
0.0,127,26127.466305
2.0,202,26139.335176
0.0,129,26145.810709
2.0,202,26183.04371
0.0,129,26191.295605
0.0,129,26199.656302
5.0,350,26223.046273
11.0,483,26254.763133
0.0,127,26262.812158
0.0,127,26270.718285
0.0,127,26278.160222
2.0,202,26291.192751
0.0,129,26299.271817
6.0,382,26324.481837
0.0,129,26332.755503
0.0,129,26340.94487
5.0,350,26364.216255
3.0,246,26379.459249
2.0,200,26391.872855
0.0,125,26399.167965
0.0,127,26406.735984
0.0,129,26415.01865
5.0,348,26437.980304
5.0,350,26461.163398
1.0,155,26470.785595
5.0,350,26493.120717
7.0,433,26521.425195
0.0,127,26528.70199
2.0,202,26541.079318
5.0,350,26563.084484
0.0,127,26570.827125
3.0,230,26584.899893
2.0,200,26597.4498
2.0,202,26635.23994
3.0,248,26652.190726
9.0,425,26681.261844
9.0,404,26708.83211
9.0,404,26736.388581
9.0,404,26763.781281
9.0,404,26789.292725
5.0,350,26811.803578
0.0,125,26819.25429
10.0,433,26847.245796
0.0,127,26854.767503
9.0,404,26880.65871
0.0,127,26888.871716
0.0,129,26896.571818
0.0,125,26904.151247
5.0,350,26927.487394
0.0,127,26936.082246
3.0,250,26953.507435
0.0,125,26961.748662
0.0,127,26970.206345
2.0,202,26983.924449
2.0,200,26997.594737
9.0,380,27024.269753
2.0,222,27038.99806
0.0,129,27047.320527
4.0,298,27068.288566
5.0,329,27118.780222
2.0,198,27132.024051
0.0,129,27140.178567
0.0,129,27148.123315
0.0,127,27156.099929
0.0,127,27163.877856
5.0,350,27187.215625
0.0,127,27195.383571
9.0,404,27221.71459
8.0,480,27252.839653
0.0,127,27260.739996
9.0,404,27286.53565
0.0,129,27294.712076
5.0,350,27317.380466
0.0,129,27325.087082
0.0,125,27332.756426
0.0,127,27340.513416
2.0,202,27353.324382
0.0,129,27361.125766
5.0,329,27383.856055
3.0,248,27399.854589
2.0,202,27412.371737
0.0,127,27420.36276
0.0,129,27427.876194
4.0,297,27447.14982
2.0,202,27459.611343
0.0,127,27467.383286
2.0,202,27480.099905
0.0,127,27486.96458
1.0,173,27497.731467
0.0,125,27505.521739
2.0,200,27518.422097
0.0,129,27526.559797
0.0,127,27559.051873
0.0,125,27566.261634
0.0,125,27573.471015
0.0,129,27581.152233
0.0,127,27588.627899
6.0,398,27614.230615
2.0,200,27626.386943
0.0,127,27633.768115
8.0,376,27656.737124
0.0,129,27664.367996
0.0,129,27672.096455
1.0,176,27681.910078
4.0,297,27699.524513
5.0,350,27721.005608
0.0,129,27728.786135
0.0,127,27735.633484
0.0,129,27742.87569
2.0,198,27753.833142
0.0,129,27760.710617
0.0,127,27767.875901
0.0,127,27774.788619
2.0,221,27787.711658
0.0,129,27794.543938
7.0,433,27820.429527
0.0,129,27827.682223
0.0,127,27834.775682
3.0,268,27850.26032
5.0,346,27872.129393
0.0,125,27878.813107
5.0,350,27900.434155
0.0,129,27908.112461
0.0,125,27915.228286
4.0,297,27934.073492
0.0,125,27940.946828
0.0,125,27948.88515
0.0,127,27982.218029
0.0,129,27988.899599
0.0,127,27996.184772
2.0,202,28006.852527
0.0,125,28013.12184
0.0,129,28020.412901
0.0,125,28026.892691
2.0,200,28037.599869
4.0,318,28055.652263
0.0,123,28061.462621
10.0,434,28087.246257
6.0,396,28111.372545
0.0,129,28118.393046
0.0,127,28125.827308
5.0,350,28147.028792
2.0,198,28158.83325
4.0,297,28176.798641
0.0,127,28183.754597
0.0,127,28190.946884
0.0,129,28198.623262
0.0,127,28205.923894
0.0,127,28212.859976
4.0,297,28230.861101
0.0,129,28238.139182
8.0,376,28261.187504
9.0,404,28285.782229
5.0,350,28306.961322
10.0,451,28333.643043
0.0,127,28341.417545
0.0,127,28348.092421
0.0,125,28355.132186
5.0,352,28403.147556
0.0,129,28411.093585
0.0,127,28418.363417
0.0,129,28426.312142
0.0,125,28433.984364
0.0,129,28441.97219
0.0,129,28450.177127
2.0,202,28462.366915
0.0,127,28470.18763
2.0,200,28482.864566
4.0,299,28502.36776
2.0,202,28514.209631
0.0,125,28521.059478
2.0,198,28532.380976
2.0,223,28545.724186
5.0,350,28566.35948
0.0,129,28573.990902
0.0,129,28580.658385
9.0,404,28605.322221
4.0,297,28623.91819
4.0,297,28642.070167
12.0,553,28677.605667
4.0,297,28696.431213
0.0,129,28704.346673
2.0,226,28717.835667
1.0,173,28728.035129
0.0,127,28734.963806
1.0,157,28744.156836
3.0,248,28758.923941
0.0,127,28766.264873
0.0,129,28773.484485
0.0,129,28780.876294
9.0,404,28831.750722
0.0,129,28839.220284
0.0,129,28846.497539
9.0,404,28874.06339
0.0,129,28882.32768
0.0,127,28890.293412
7.0,322,28912.686146
0.0,129,28921.371754
0.0,127,28930.128937
9.0,427,28961.544687
0.0,129,28970.357388
5.0,350,28995.707472
2.0,198,29009.597631
0.0,129,29018.98404
2.0,200,29033.711428
3.0,248,29052.784675
5.0,350,29079.841121
6.0,396,29110.333116
0.0,127,29119.733727
0.0,129,29128.683322
0.0,129,29137.135848
9.0,404,29165.323562
9.0,404,29193.440915
0.0,127,29201.73656
5.0,350,29226.302984
4.0,297,29246.345397
0.0,127,29254.79537
0.0,127,29262.761125
0.0,129,29271.47606
0.0,125,29279.590705
10.0,453,29338.888765
2.0,200,29352.747979
0.0,129,29360.771463
0.0,127,29368.820852
1.0,173,29380.188505
1.0,173,29391.443309
5.0,329,29413.561047
0.0,127,29420.963792
2.0,198,29433.259981
1.0,155,29443.165608
0.0,129,29451.112945
2.0,202,29464.179908
0.0,127,29471.804054
9.0,403,29498.966897
2.0,202,29512.113769
0.0,125,29519.35013
5.0,350,29542.206558
0.0,129,29550.125272
0.0,129,29557.769784
2.0,202,29571.004461
0.0,129,29578.741478
0.0,127,29586.719724
14.0,505,29620.766239
4.0,278,29638.355284
5.0,350,29661.758353
0.0,129,29669.83431
0.0,129,29677.683805
4.0,301,29697.303822
2.0,200,29710.138803
0.0,123,29717.77749
5.0,326,29739.133736
5.0,350,29785.522818
0.0,127,29792.464089
0.0,129,29799.59727
2.0,198,29811.000478
2.0,224,29823.983159
5.0,350,29844.674181
0.0,129,29851.994487
0.0,125,29858.949982
4.0,297,29876.478925
6.0,402,29901.935367
5.0,326,29922.209617
5.0,329,29943.547989
0.0,127,29950.509728
3.0,237,29964.726432
0.0,129,29971.776759
2.0,198,29983.937765
0.0,125,29991.296947
0.0,129,29998.239509
0.0,129,30005.381522
0.0,127,30012.664595
4.0,299,30030.768567
0.0,129,30038.868234
0.0,127,30045.998241
0.0,129,30054.540571
9.0,404,30079.085141
2.0,188,30090.792737
5.0,329,30112.421615
0.0,129,30120.201257
4.0,297,30139.380676
0.0,129,30147.806775
2.0,202,30160.490995
9.0,404,30212.308254
3.0,268,30229.280992
0.0,129,30237.034408
2.0,202,30250.223298
0.0,127,30257.407796
2.0,198,30269.433766
3.0,246,30284.711502
0.0,129,30292.201101
0.0,129,30300.283229
2.0,202,30312.371568
10.0,454,30341.69891
0.0,129,30349.682518
0.0,125,30357.775816
0.0,127,30365.491782
5.0,350,30389.24281
0.0,129,30397.507773
0.0,127,30404.994303
2.0,202,30418.199965
0.0,125,30425.683626
2.0,202,30438.687551
5.0,350,30462.325935
0.0,127,30470.168818
4.0,297,30489.942672
0.0,127,30497.928355
4.0,297,30518.13024
2.0,200,30531.033086
4.0,297,30549.60267
0.0,127,30557.516221
3.0,228,30571.170306
0.0,127,30578.355611
3.0,271,30594.779232
0.0,129,30602.214238
0.0,129,30609.641098
2.0,200,30621.725773
0.0,125,30629.157315
5.0,350,30677.118028
1.0,155,30686.128664
0.0,129,30693.973816
9.0,404,30720.741725
0.0,129,30728.47901
4.0,297,30748.290706
0.0,129,30756.306213
1.0,157,30765.872208
0.0,129,30773.493148
2.0,202,30786.241706
0.0,125,30793.846794
0.0,129,30802.700106
2.0,200,30814.56242
0.0,125,30821.614798
1.0,157,30831.764919
0.0,129,30840.024487
2.0,202,30854.259662
0.0,129,30862.61411
2.0,202,30876.425914
9.0,401,30904.426705
2.0,200,30918.319238
0.0,125,30926.371303
2.0,200,30940.070868
0.0,129,30948.6595
1.0,157,30958.856277
5.0,369,30985.415962
1.0,157,30995.603823
0.0,129,31004.105007
2.0,200,31017.943056
0.0,127,31026.069709
3.0,248,31043.370446
0.0,129,31051.927448
0.0,129,31060.179694
2.0,200,31073.63733
1.0,157,31084.081924
0.0,129,31092.669463
0.0,127,31128.899755
4.0,299,31149.34443
11.0,482,31180.011006
5.0,339,31200.339865
5.0,350,31221.122079
1.0,174,31231.442329
2.0,202,31243.449337
3.0,250,31259.341558
9.0,404,31285.345288
0.0,129,31292.987622
2.0,202,31305.14056
4.0,296,31323.031355
6.0,372,31346.203229
0.0,127,31353.791836
0.0,129,31360.846744
0.0,125,31367.949102
0.0,125,31374.89164
0.0,129,31382.339339
1.0,156,31392.293397
5.0,346,31413.020619
0.0,127,31419.782524
5.0,350,31442.067827
1.0,153,31451.128428
10.0,436,31477.97594
2.0,198,31489.656439
0.0,127,31497.037668
0.0,125,31504.148124
9.0,404,31529.899154
4.0,297,31574.168668
2.0,202,31586.466913
0.0,129,31593.845911
0.0,129,31601.619998
0.0,129,31608.27591
2.0,216,31621.160548
3.0,247,31635.730733
5.0,350,31656.105414
0.0,125,31663.507909
4.0,297,31680.280516
0.0,125,31688.216215
0.0,125,31694.787607
0.0,129,31702.343828
0.0,129,31709.984823
9.0,404,31734.5926
3.0,268,31751.543178
0.0,125,31758.741762
0.0,129,31766.331238
0.0,129,31774.47833
10.0,435,31800.953102
3.0,253,31815.585596
2.0,202,31827.069213
3.0,275,31843.126375
0.0,129,31849.914885
5.0,329,31869.737726
2.0,202,31881.078254
0.0,125,31887.730359
5.0,350,31907.555689
9.0,404,31930.466081
0.0,125,31936.714662
10.0,433,31986.735259
0.0,129,31993.072044
0.0,129,32000.064488
6.0,399,32024.961098
1.0,157,32033.544829
0.0,129,32040.570449
2.0,202,32052.952949
7.0,447,32080.630774
13.0,459,32110.329588
10.0,451,32138.406697
0.0,129,32145.945701
4.0,297,32164.076556
0.0,129,32171.277235
4.0,297,32190.272326
0.0,129,32197.204086
5.0,350,32218.308284
1.0,157,32227.49865
2.0,200,32239.370309
3.0,248,32253.992745
2.0,202,32265.683427
0.0,127,32272.597208
0.0,129,32279.803186
8.0,372,32302.731261
0.0,127,32309.562245
5.0,350,32330.503191
9.0,404,32354.659204
0.0,129,32362.350167
0.0,127,32369.891847
1.0,174,32406.506962
0.0,123,32413.400384
9.0,404,32438.328214
0.0,127,32445.072784
2.0,202,32456.814193
0.0,125,32464.172947
0.0,125,32470.688179
4.0,297,32489.260704
0.0,125,32495.573751
0.0,127,32502.754354
5.0,350,32523.36636
0.0,127,32530.180916
4.0,297,32548.520343
2.0,202,32560.297402
0.0,129,32567.478383
0.0,129,32573.808618
2.0,203,32584.680143
2.0,200,32595.48116
0.0,127,32602.171274
2.0,202,32613.136167
2.0,200,32623.735133
2.0,202,32634.495074
0.0,125,32640.522667
3.0,230,32652.213648
0.0,129,32658.381938
0.0,129,32664.78837
0.0,129,32670.92566
4.0,278,32686.787727
0.0,125,32692.770133
0.0,123,32698.580842
0.0,129,32704.854444
0.0,129,32711.282493
0.0,125,32717.911268
5.0,350,32738.156865
1.0,175,32748.834201
0.0,129,32755.975388
0.0,129,32762.788082
9.0,382,32814.260365
4.0,297,32833.788896
4.0,297,32853.35195
5.0,350,32876.375514
5.0,350,32898.636192
9.0,404,32924.301333
0.0,129,32932.382321
5.0,350,32955.232723
1.0,175,32966.464477
1.0,176,32978.243435
0.0,129,32986.539892
1.0,173,32997.720065
3.0,271,33016.161476
8.0,352,33040.338086
0.0,127,33048.35282
2.0,224,33063.090369
0.0,125,33071.400525
2.0,198,33084.224205
1.0,173,33095.246651
5.0,350,33119.223706
2.0,202,33133.223954
0.0,127,33141.802786
0.0,125,33150.099214
0.0,127,33159.036655
13.0,571,33201.161069
2.0,190,33213.308415
9.0,404,33240.118772
6.0,399,33293.122436
3.0,246,33307.685715
2.0,183,33318.976235
3.0,248,33334.017054
1.0,172,33344.67076
1.0,175,33354.876533
0.0,129,33361.750567
2.0,198,33373.415061
2.0,198,33385.33334
2.0,187,33396.579046
9.0,404,33421.586932
0.0,127,33429.13035
0.0,127,33436.160487
1.0,157,33445.575085
1.0,151,33454.560652
5.0,350,33475.778722
2.0,198,33487.198778
9.0,404,33511.916068
9.0,404,33537.479966
5.0,307,33556.271587
6.0,380,33579.930319
0.0,127,33587.109835
6.0,412,33611.467359
1.0,172,33621.321665
1.0,157,33630.109409
4.0,297,33647.04698
0.0,127,33654.18425
2.0,202,33665.832279
9.0,404,33714.551541
0.0,129,33721.531828
0.0,127,33728.503145
0.0,127,33735.868717
0.0,123,33743.126684
1.0,178,33753.169362
0.0,129,33760.469892
3.0,249,33774.952213
2.0,184,33785.545954
5.0,350,33806.691396
1.0,177,33816.75936
1.0,177,33826.81281
0.0,127,33833.345691
1.0,174,33842.688715
0.0,129,33849.855906
1.0,155,33857.298348
8.0,373,33875.882627
1.0,177,33884.506332
1.0,155,33891.912138
5.0,329,33908.969352
6.0,399,33929.607862
0.0,125,33935.514328
1.0,155,33942.80047
2.0,202,33954.418306
0.0,125,33961.674468
2.0,200,33971.609525
0.0,129,33978.377631
4.0,298,33995.312939
0.0,129,34002.723577
0.0,127,34009.659456
5.0,329,34029.234193
2.0,225,34041.981489
1.0,157,34050.587288
3.0,250,34091.099285
0.0,125,34097.792545
2.0,201,34109.460209
2.0,189,34120.01417
5.0,350,34140.471543
0.0,125,34147.48322
3.0,248,34162.075842
14.0,505,34193.466127
3.0,248,34207.44001
2.0,204,34219.008532
0.0,125,34226.278976
13.0,544,34258.492346
0.0,127,34265.494098
0.0,129,34272.844122
6.0,399,34297.175843
1.0,172,34306.835474
3.0,251,34322.013585
4.0,263,34337.294125
1.0,155,34346.253928
4.0,297,34364.261422
11.0,482,34394.055108
1.0,176,34404.373737
2.0,202,34416.348626
5.0,352,34437.74031
6.0,378,34460.260654
0.0,129,34467.474771
3.0,256,34508.585507
2.0,192,34520.232416
5.0,334,34541.065917
1.0,178,34552.005311
1.0,155,34561.035291
10.0,452,34588.855682
0.0,127,34595.417637
2.0,187,34605.3485
2.0,183,34615.219575
1.0,157,34623.101624
1.0,157,34631.11883
9.0,401,34652.62235
0.0,123,34658.825662
3.0,269,34672.917445
1.0,153,34680.748061
8.0,330,34699.946724
1.0,155,34707.765201
2.0,202,34719.631164
1.0,155,34728.254227
0.0,127,34735.19608
2.0,187,34746.137183
2.0,183,34758.313531
3.0,274,34776.583935
1.0,157,34786.614165
0.0,129,34795.04638
0.0,125,34802.895938
3.0,232,34818.674466
0.0,127,34826.620238
4.0,280,34845.41282
1.0,155,34855.468528
9.0,424,34884.538729
7.0,403,34940.112888
2.0,203,34953.04032
3.0,250,34968.658192
3.0,271,34985.595838
5.0,350,35007.316599
0.0,129,35014.851707
0.0,127,35022.041759
2.0,184,35032.944993
0.0,129,35040.283511
10.0,432,35067.344467
2.0,202,35079.76395
0.0,125,35086.751858
0.0,125,35093.748499
4.0,278,35111.06954
7.0,411,35137.327124
0.0,127,35144.937771
1.0,153,35154.357558
0.0,127,35161.70393
0.0,127,35169.130434
5.0,326,35190.065995
6.0,379,35213.83924
3.0,249,35229.292487
1.0,156,35238.001231
2.0,204,35249.835264
1.0,157,35258.70512
0.0,127,35265.497829
3.0,218,35278.726815
0.0,129,35286.166998
0.0,127,35293.108945
9.0,404,35317.554627
2.0,201,35329.018989
9.0,404,35378.256658
8.0,371,35400.120184
1.0,175,35410.283967
2.0,184,35420.894842
4.0,297,35437.867296
5.0,309,35457.002815
0.0,127,35464.064536
1.0,157,35472.937623
5.0,348,35494.496814
10.0,430,35520.349817
4.0,319,35539.831637
3.0,228,35553.401162
0.0,127,35560.806285
8.0,491,35591.897962
0.0,129,35599.06387
2.0,187,35610.073613
10.0,451,35637.271883
5.0,327,35658.340231
0.0,127,35665.835149
1.0,155,35674.454704
4.0,274,35691.652383
2.0,187,35702.893712
1.0,175,35712.814065
3.0,233,35726.776799
1.0,178,35736.808284
2.0,200,35748.416803
2.0,204,35786.835414
1.0,176,35796.759108
1.0,157,35804.828962
1.0,152,35812.98557
10.0,411,35836.347542
5.0,349,35855.422014
14.0,490,35880.94536
4.0,298,35896.812319
5.0,315,35914.964901
2.0,218,35927.019796
0.0,129,35933.482707
2.0,186,35943.917288
5.0,324,35962.691897
0.0,127,35970.783478
0.0,129,35978.262551
0.0,129,35985.058028
0.0,129,35991.987702
2.0,203,36003.761206
0.0,129,36010.619911
5.0,350,36031.359135
7.0,324,36050.800554
3.0,233,36064.343369
2.0,202,36076.072396
0.0,127,36083.391514
4.0,297,36100.748122
3.0,229,36114.976681
1.0,153,36122.919615
1.0,155,36132.277906
8.0,431,36157.854766
4.0,260,36198.843672
12.0,522,36230.444588
1.0,155,36239.79245
1.0,153,36248.472942
4.0,276,36265.347708
3.0,252,36279.936408
2.0,202,36291.813324
2.0,185,36302.945223
0.0,127,36309.53312
2.0,203,36321.179931
6.0,401,36344.564113
1.0,155,36353.559567
5.0,350,36374.423259
4.0,262,36389.511368
0.0,129,36396.496162
2.0,187,36407.446142
13.0,555,36440.063164
2.0,183,36450.297284
3.0,214,36463.007202
5.0,280,36479.823935
1.0,155,36488.251044
4.0,297,36506.460313
3.0,230,36519.430023
2.0,207,36530.655305
1.0,153,36538.658434
0.0,125,36545.528001
1.0,155,36553.733731
0.0,127,36560.41516
5.0,330,36602.131794
0.0,129,36608.833756
11.0,458,36633.676754
6.0,396,36654.102299
1.0,178,36663.36651
1.0,157,36671.403535
18.0,521,36700.462294
3.0,237,36713.078303
9.0,405,36737.376573
5.0,350,36756.130363
11.0,456,36784.363139
1.0,155,36793.570334
5.0,350,36815.824497
3.0,236,36830.464562
3.0,226,36845.330864
8.0,372,36871.007414
3.0,235,36887.431324
5.0,350,36911.479145
1.0,157,36921.811984
2.0,185,36934.067679
5.0,329,36956.582801
4.0,297,36976.215169
2.0,222,36991.062973
2.0,185,37032.605994
1.0,155,37042.348119
0.0,129,37050.48315
1.0,157,37060.394411
1.0,155,37070.312588
5.0,320,37091.559647
3.0,216,37105.575451
7.0,248,37121.920703
2.0,200,37135.35039
1.0,157,37144.719503
2.0,184,37155.3143
0.0,127,37162.523033
5.0,371,37186.080044
1.0,178,37196.423784
5.0,350,37217.718943
6.0,380,37241.190201
3.0,234,37255.407767
8.0,372,37278.055629
2.0,187,37289.148458
11.0,484,37318.116491
1.0,155,37327.059426
1.0,177,37337.580163
1.0,176,37347.687252
3.0,235,37361.510329
0.0,129,37369.003613
1.0,155,37378.203
6.0,396,37402.452143
0.0,129,37409.400348
3.0,212,37422.031748
0.0,127,37429.587445
2.0,185,37464.940636
6.0,397,37489.147969
10.0,469,37516.916105
0.0,127,37524.126167
0.0,127,37530.715577
1.0,155,37539.961976
0.0,127,37546.994394
1.0,157,37555.704077
8.0,417,37581.352888
0.0,127,37588.534824
2.0,200,37599.83062
1.0,157,37609.879945
1.0,153,37618.667989
2.0,184,37629.700868
1.0,178,37639.972049
0.0,129,37647.160629
2.0,201,37659.009351
5.0,350,37680.467334
5.0,330,37701.086434
1.0,155,37710.086054
2.0,185,37720.788253
5.0,372,37742.563199
1.0,155,37751.006236
1.0,157,37759.100776
1.0,177,37768.420975
1.0,155,37776.955608
2.0,204,37788.30345
0.0,127,37794.542953
10.0,432,37819.637833
1.0,173,37828.911749
2.0,206,37840.503599
0.0,129,37873.082609
10.0,453,37898.413353
1.0,157,37906.725165
4.0,281,37922.244864
0.0,129,37929.103693
9.0,404,37951.876105
6.0,376,37973.031268
3.0,216,37984.979009
0.0,129,37992.216649
3.0,251,38007.195314
1.0,158,38016.175693
0.0,129,38022.659706
0.0,127,38029.951882
3.0,255,38044.774931
11.0,484,38074.798301
5.0,323,38093.569083
0.0,129,38101.525326
3.0,215,38114.156492
7.0,388,38137.36978
4.0,264,38153.002064
5.0,350,38174.183239
2.0,220,38187.069045
6.0,400,38211.545718
1.0,155,38220.152741
5.0,350,38241.123481
6.0,314,38285.084724
1.0,155,38293.707437
1.0,157,38302.879299
1.0,155,38312.351844
4.0,258,38327.74268
2.0,206,38339.334123
0.0,129,38346.432189
5.0,350,38367.467588
9.0,404,38392.382038
5.0,350,38413.619883
9.0,404,38437.80849
4.0,318,38457.222702
1.0,155,38466.142247
2.0,183,38475.747999
10.0,436,38500.853092
2.0,209,38512.191456
1.0,175,38521.502877
6.0,400,38544.003358
1.0,154,38552.175254
6.0,392,38574.976107
3.0,251,38588.750762
3.0,215,38600.425765
15.0,553,38633.028014
4.0,267,38647.091249
4.0,299,38687.617913
1.0,153,38695.921624
2.0,187,38706.071972
6.0,382,38727.85111
3.0,214,38739.843886
5.0,313,38758.411563
0.0,129,38765.693499
5.0,302,38783.270748
0.0,127,38790.559696
13.0,459,38821.423955
8.0,374,38846.415804
9.0,401,38873.328952
3.0,246,38889.751129
2.0,188,38901.950248
2.0,183,38914.016136
2.0,205,38927.657961
2.0,219,38942.071644
3.0,251,38958.869336
5.0,326,38980.692743
2.0,187,38993.004579
0.0,127,39001.015677
4.0,267,39019.082783
1.0,158,39029.326237
3.0,216,39043.837848
1.0,155,39053.669025
5.0,294,39072.966685
3.0,273,39091.063016
1.0,155,39099.968542
3.0,239,39140.573473
5.0,295,39157.846369
6.0,380,39180.437497
5.0,309,39199.108044
12.0,530,39230.495809
9.0,380,39252.715961
3.0,230,39265.98654
12.0,521,39297.190207
5.0,312,39316.451432
4.0,319,39334.58611
7.0,448,39361.4968
5.0,330,39380.603839
6.0,396,39404.565764
5.0,349,39425.431784
2.0,201,39436.973333
4.0,249,39452.347862
1.0,156,39461.685197
4.0,280,39479.115474
0.0,129,39486.21405
11.0,496,39541.760989
3.0,216,39554.334109
10.0,451,39581.5298
8.0,281,39598.493451
3.0,214,39611.381336
6.0,357,39632.791329
4.0,245,39647.693995
4.0,326,39667.510936
8.0,433,39691.883838
8.0,481,39719.220055
8.0,281,39735.317941
8.0,373,39756.908736
9.0,328,39775.795193
8.0,469,39804.144397
6.0,380,39827.073252
4.0,264,39842.424318
4.0,280,39859.398092
6.0,329,39878.303726
13.0,457,39905.283972
8.0,281,39920.123048
8.0,447,39968.022059
3.0,235,39981.21549
7.0,446,40006.957387
5.0,372,40028.147156
9.0,328,40047.145598
4.0,281,40064.342016
6.0,400,40088.921242
6.0,377,40112.320343
5.0,316,40131.737456
4.0,261,40146.892045
7.0,366,40169.591138
8.0,277,40185.691711
5.0,294,40203.258026
5.0,287,40220.73248
7.0,446,40248.036049
5.0,307,40266.979784
5.0,328,40286.535816
5.0,349,40308.045495
5.0,276,40324.881664
3.0,214,40362.457227
4.0,298,40380.183006
3.0,233,40393.719284
8.0,297,40409.856656
2.0,206,40421.087181
8.0,496,40449.563318
8.0,489,40477.240924
9.0,470,40504.247642
5.0,294,40520.618277
8.0,479,40548.489033
2.0,226,40561.478203
3.0,234,40574.48579
7.0,444,40600.470676
3.0,270,40616.088357
6.0,354,40637.156131
4.0,305,40654.521201
4.0,297,40670.179225
6.0,323,40687.710211
5.0,318,40704.530874
2.0,183,40713.998052
1.0,157,40722.025838
8.0,318,40762.003302
15.0,439,40786.867092
7.0,371,40807.684713
4.0,263,40823.868882
10.0,452,40851.72864
10.0,375,40875.06058
2.0,201,40886.831178
11.0,472,40916.861384
0.0,127,40924.121965
10.0,455,40951.84227
4.0,297,40969.951843
2.0,185,40980.871173
1.0,155,40989.409202
10.0,497,41018.728422
6.0,382,41041.179598
14.0,401,41064.831051
8.0,461,41091.604285
5.0,314,41110.078316
5.0,294,41126.289629
5.0,332,41170.559652
5.0,309,41188.084974
7.0,415,41212.795268
8.0,467,41239.915731
4.0,260,41254.607146
7.0,372,41276.687227
14.0,380,41298.841653
5.0,333,41318.564716
11.0,393,41340.970994
4.0,267,41356.231776
11.0,558,41389.831438
17.0,587,41423.682504
11.0,526,41454.997916
7.0,375,41476.736849
6.0,351,41497.10781
5.0,313,41516.052886
3.0,214,41527.931877
8.0,462,41577.042
9.0,460,41602.022636
12.0,460,41626.828852
7.0,395,41648.021836
9.0,329,41667.18834
7.0,373,41687.818451
21.0,638,41725.139997
13.0,584,41760.277047
5.0,293,41777.241009
10.0,542,41810.204656
3.0,236,41824.164474
8.0,435,41850.235341
9.0,494,41877.890736
4.0,278,41893.26328
8.0,414,41916.028033
8.0,492,41965.696524
6.0,380,41987.510821
12.0,451,42012.498184
7.0,430,42038.19013
8.0,457,42065.557271
8.0,408,42088.972075
6.0,356,42108.992326
9.0,344,42128.639301
6.0,361,42149.291429
5.0,310,42167.496447
8.0,298,42184.734671
6.0,374,42206.959548
5.0,330,42226.794508
11.0,472,42254.989518
10.0,560,42286.613232
7.0,396,42308.631433
6.0,382,42352.420046
15.0,603,42387.141685
6.0,351,42406.442264
12.0,589,42440.176372
13.0,497,42468.806779
17.0,555,42500.756299
12.0,498,42530.630034
4.0,299,42547.424486
8.0,299,42564.293282
6.0,357,42584.435003
12.0,468,42611.316381
6.0,376,42631.103473
7.0,435,42654.227622
9.0,436,42677.668559
13.0,480,42703.357296
11.0,558,42758.731278
6.0,325,42778.640704
3.0,229,42792.420827
3.0,232,42806.013047
4.0,263,42821.970574
8.0,413,42847.317807
12.0,560,42879.852711
4.0,281,42896.078983
14.0,399,42919.534679
9.0,330,42938.660018
16.0,419,42963.087406
6.0,404,42986.343127
13.0,515,43017.262413
7.0,388,43040.263054
18.0,624,43076.871442
7.0,385,43099.213933
14.0,549,43155.981757
12.0,496,43184.62268
8.0,456,43211.570806
7.0,428,43237.691987
8.0,441,43263.850802
14.0,565,43297.294701
7.0,371,43319.275449
11.0,486,43348.304922
4.0,280,43364.371405
7.0,395,43387.968913
12.0,499,43417.195643
21.0,696,43456.128143
12.0,609,43489.557618
9.0,347,43507.833833
14.0,533,43562.076129
8.0,394,43584.833469
6.0,355,43605.397417
9.0,456,43632.925005
17.0,696,43674.115552
7.0,410,43698.288755
7.0,399,43722.401608
11.0,528,43754.281675
12.0,458,43781.140437
12.0,491,43809.700771
10.0,518,43838.408141
10.0,416,43860.989459
12.0,536,43890.326193
13.0,459,43939.801127
10.0,541,43970.681052
4.0,319,43989.113754
10.0,541,44022.212645
16.0,471,44050.046361
11.0,515,44080.965478
10.0,501,44111.073036
8.0,436,44137.163433
8.0,367,44157.184564
12.0,545,44187.693259
10.0,458,44212.715504
6.0,323,44229.898359
16.0,434,44255.514303
11.0,480,44281.970905
7.0,390,44304.330315
11.0,497,44357.717507
10.0,357,44377.633781
10.0,500,44406.814806
22.0,762,44452.261802
13.0,526,44483.586515
10.0,478,44510.867422
12.0,497,44540.205045
15.0,537,44571.537708
9.0,522,44599.462804
6.0,360,44618.658502
16.0,477,44645.633951
13.0,522,44673.699158
18.0,541,44727.890608
15.0,450,44754.218646
14.0,498,44783.496663
13.0,564,44816.81494
8.0,385,44839.745968
18.0,605,44875.837706
8.0,418,44900.302316
13.0,354,44921.215796
18.0,583,44956.018989
5.0,313,44974.031061
8.0,433,44999.789673
20.0,640,45038.046803
16.0,504,45067.62536
10.0,469,45095.459842
20.0,620,45156.947064
13.0,576,45191.387448
13.0,647,45229.942639
14.0,383,45252.272251
5.0,302,45269.911503
15.0,557,45302.760506
23.0,475,45328.305902
17.0,367,45349.044494
18.0,634,45384.280581
14.0,518,45412.594528
26.0,785,45458.344073
9.0,468,45486.059504
19.0,762,45557.2993
23.0,480,45586.356964
6.0,426,45611.781591
19.0,658,45650.064856
4.0,241,45664.309092
9.0,448,45690.770525
4.0,265,45706.549303
14.0,492,45734.656395
7.0,381,45757.096755
26.0,563,45790.345496
13.0,349,45809.51761
8.0,386,45830.464798
24.0,803,45875.932873
33.0,1023,45961.322143
13.0,621,45998.540207
17.0,601,46033.491974
12.0,591,46065.725508
6.0,360,46085.003697
24.0,692,46124.012056
19.0,750,46167.441664
10.0,494,46196.434651
16.0,714,46239.190089
16.0,598,46275.467164
12.0,286,46292.316573
10.0,486,46345.195161
12.0,438,46370.603964
21.0,677,46408.997458
14.0,502,46438.475307
12.0,476,46465.953722
9.0,438,46490.803242
15.0,686,46531.528193
21.0,783,46574.092601
15.0,540,46603.341069
19.0,736,46643.399046
14.0,548,46675.298762
7.0,372,46720.910817
8.0,407,46745.432089
15.0,636,46783.308022
6.0,324,46801.691617
28.0,738,46845.213189
18.0,735,46888.352448
22.0,517,46918.297073
27.0,676,46958.458468
18.0,577,46992.922685
21.0,786,47039.89466
22.0,549,47073.336098
34.0,725,47140.823682
19.0,735,47183.917232
11.0,526,47215.332671
29.0,944,47267.521271
29.0,632,47301.936894
46.0,1024,47360.653547
19.0,555,47394.293406
12.0,581,47429.805866
5.0,349,47450.232684
17.0,750,47520.334836
25.0,771,47565.910897
17.0,591,47600.989655
20.0,594,47636.605797
20.0,586,47671.524546
12.0,549,47705.830147
28.0,641,47743.534632
19.0,733,47784.359901
18.0,789,47827.993726
5.0,289,47843.462145
11.0,574,47876.848689
11.0,605,47935.294115
12.0,569,47966.551385
15.0,627,48000.699067
23.0,551,48031.685022
26.0,817,48078.531214
9.0,471,48105.72671
8.0,384,48127.561817
18.0,559,48161.050042
16.0,585,48194.628116
17.0,677,48234.796201
30.0,897,48312.546025
12.0,585,48346.836173
14.0,615,48382.742564
22.0,755,48427.881519
19.0,698,48468.505295
19.0,686,48508.660803
17.0,705,48548.553397
12.0,552,48579.108971
11.0,558,48609.84028
21.0,792,48655.966597
28.0,730,48725.04743
38.0,981,48785.71566
36.0,868,48840.424905
38.0,848,48894.157808
20.0,763,48942.489866
34.0,875,48997.804675
9.0,473,49026.81575
16.0,564,49061.542553
13.0,509,49116.050544
25.0,693,49153.846547
20.0,758,49195.39897
29.0,906,49247.710714
28.0,577,49282.809268
21.0,742,49326.86196
14.0,591,49362.725945
29.0,443,49388.912423
26.0,769,49434.246796
20.0,631,49472.052129
16.0,667,49535.579317
18.0,663,49575.861515
15.0,516,49605.662045
11.0,533,49637.219139
21.0,716,49678.732713
18.0,567,49711.847934
20.0,694,49750.709529
21.0,781,49793.692308
27.0,930,49843.674417
12.0,540,49871.936441
12.0,542,49927.457732
19.0,619,49965.821935
9.0,429,49992.304255
15.0,594,50030.552688
28.0,631,50069.969454
16.0,607,50107.955092
16.0,707,50151.491178
18.0,465,50180.209243
18.0,730,50226.043722
17.0,634,50265.565197
22.0,772,50337.814234
22.0,769,50386.014647
36.0,838,50439.908119
24.0,612,50478.815749
31.0,961,50536.813666
37.0,1095,50604.224997
22.0,547,50637.175456
36.0,1075,50705.787367
26.0,582,50765.428936
29.0,1034,50827.034778
24.0,792,50873.972168
29.0,820,50922.983301
18.0,508,50952.771491
28.0,894,51005.029738
43.0,994,51058.286754
22.0,748,51100.596347
20.0,629,51161.543518
45.0,1161,51231.199854
22.0,824,51280.672522
37.0,961,51338.348975
34.0,1022,51398.797243
52.0,1207,51471.716087
32.0,942,51553.626521
18.0,599,51589.839846
32.0,842,51640.293573
36.0,729,51682.89532
31.0,796,51725.399157
14.0,622,51755.851633
21.0,862,51799.079448
24.0,736,51840.127521
25.0,752,51883.478426
21.0,745,51951.063634
20.0,679,51990.843627
19.0,647,52028.219587
41.0,956,52083.641375
45.0,1358,52164.114176
46.0,918,52217.188603
19.0,603,52252.128277
30.0,635,52312.507358
22.0,679,52352.906991
18.0,783,52400.39826
23.0,822,52449.224507
42.0,1079,52510.141788
36.0,1030,52569.567843
31.0,995,52627.095619
12.0,577,52661.251573
43.0,1028,52745.939785
21.0,773,52791.874549
45.0,999,52851.236797
34.0,961,52907.576247
21.0,629,52941.273524
20.0,879,52988.603967
25.0,659,53026.332361
10.0,482,53054.768061
38.0,1098,53144.411333
51.0,1385,53227.719236
12.0,551,53259.990011
47.0,1222,53333.494377
43.0,1145,53400.850785
21.0,756,53446.195587
29.0,803,53516.819203
55.0,1322,53595.610326
22.0,571,53628.197572
41.0,1233,53691.856919
24.0,826,53733.794681
46.0,1070,53791.068061
20.0,440,53815.966517
59.0,1389,53921.026654
27.0,968,53978.212262
37.0,1163,54047.694062
34.0,747,54092.371964
24.0,738,54136.112003
26.0,846,54186.998444
30.0,843,54237.441836
28.0,758,54306.243585
47.0,1088,54372.210148
40.0,919,54427.567832
28.0,917,54478.511047
20.0,845,54525.70794
14.0,627,54562.666605
58.0,1321,54639.960784
35.0,977,54721.155527
42.0,994,54780.841233
36.0,918,54831.196311
36.0,818,54875.015515
40.0,1133,54938.318697
45.0,1032,54998.5254
17.0,490,55027.133086
20.0,471,55079.690746
30.0,790,55126.908486
16.0,651,55164.678352
24.0,758,55209.818931
16.0,708,55251.848634
11.0,431,55277.337092
18.0,723,55319.829667
26.0,596,55355.084077
30.0,868,55407.888674
56.0,1263,55507.224035
33.0,818,55552.815912
25.0,818,55598.83629
73.0,1255,55667.234257
54.0,1245,55735.153714
46.0,1140,55799.634712
28.0,906,55877.600414
40.0,989,55934.749817
27.0,878,55986.126076
30.0,1061,56048.758377
54.0,1145,56115.883979
26.0,729,56159.923014
60.0,1219,56257.132099
36.0,908,56311.88463
30.0,871,56364.735804
40.0,1227,56435.76854
57.0,1408,56513.760393
26.0,846,56562.288893
48.0,1192,56655.370598
9.0,453,56682.295177
40.0,1069,56740.912414
28.0,624,56774.276771
40.0,1118,56835.909337
38.0,961,56891.700465
47.0,1080,56955.420174
54.0,1206,57051.236573
30.0,994,57111.07977
49.0,1142,57181.321967
36.0,820,57231.294235
21.0,777,57277.276272
32.0,980,57335.871929
19.0,619,57372.900981
36.0,905,57449.703643
21.0,742,57491.189328
41.0,1068,57551.792991
66.0,1438,57634.992284
30.0,1107,57694.1408
20.0,575,57726.112604
61.0,1351,57827.77506
18.0,770,57874.280075
59.0,1284,57950.410315
41.0,1165,58019.363661
22.0,661,58060.117238
34.0,982,58118.938061
48.0,1076,58206.438057
36.0,1138,58273.819043
34.0,940,58330.529179
50.0,1201,58399.332806
82.0,1606,58490.809513
38.0,967,58546.675071
23.0,718,58611.191281
47.0,1106,58671.039412
15.0,600,58703.060374
57.0,1412,58785.821111
47.0,1294,58863.841486
51.0,1200,58935.318316
46.0,1200,59033.231095
35.0,828,59082.738875
31.0,625,59120.032485
32.0,879,59172.246503
64.0,1244,59248.890066
45.0,1188,59321.196763
19.0,625,59356.650971
26.0,804,59423.651287
31.0,1056,59483.691802
24.0,608,59519.097166
33.0,1096,59583.405371
37.0,853,59630.095073
67.0,1444,59709.950404
40.0,882,59783.710488
37.0,622,59820.732008
43.0,1242,59893.711858
78.0,1359,59974.362805
40.0,1047,60036.635224
62.0,1272,60113.641231
49.0,915,60194.359124
30.0,993,60253.441125
48.0,1082,60316.965768
15.0,676,60356.672617
50.0,1222,60425.025582
53.0,1491,60509.866025
56.0,1234,60599.787235
39.0,1009,60656.158505
49.0,1311,60733.296396
68.0,1542,60824.326842
16.0,566,60857.769675
37.0,966,60915.289133
42.0,1266,61015.209128
47.0,1282,61092.645219
62.0,1489,61181.768418
78.0,1386,61262.747855
54.0,1377,61362.737309
28.0,721,61403.943647
36.0,1118,61470.656296
71.0,1256,61544.697878
38.0,988,61598.154849
49.0,1204,61662.744888
30.0,916,61738.829715
56.0,1160,61806.539134
45.0,1254,61883.651514
46.0,874,61935.166889
87.0,1543,62028.747876
41.0,1042,62090.344705
33.0,890,62167.008197
59.0,1414,62250.910432
36.0,1133,62316.745532
61.0,1343,62390.947478
50.0,1313,62458.320096
42.0,1057,62538.233883
30.0,999,62596.184362
26.0,600,62630.612379
37.0,754,62675.023056
57.0,1418,62758.683462
61.0,1329,62837.604856
34.0,969,62919.502184
55.0,1171,62988.312228
45.0,1230,63061.643259
78.0,1429,63147.474398
57.0,1373,63223.436418
43.0,811,63269.645909
57.0,1122,63358.968529
27.0,748,63403.184836
44.0,937,63459.014518
31.0,948,63515.410445
76.0,1339,63588.793838
71.0,1413,63691.016779
34.0,1042,63753.908097
31.0,670,63792.547194
53.0,946,63849.690775
31.0,941,63906.532762
47.0,1058,63971.078845
38.0,991,64031.090408
39.0,826,64104.382063
53.0,1448,64191.612774
67.0,1228,64265.532704
27.0,956,64318.84277
33.0,1060,64372.691892
54.0,1380,64446.518497
66.0,1590,64564.969681
43.0,826,64613.516529
61.0,1489,64701.737761
25.0,877,64753.220125
32.0,849,64803.179757
81.0,1411,64910.500403
39.0,1190,64981.427065
67.0,1595,65074.900494
48.0,1128,65137.697077
57.0,1276,65212.033642
66.0,1164,65304.365128
68.0,1437,65389.421266
55.0,1048,65450.83225
62.0,1341,65529.192921
38.0,931,65579.517501
60.0,1354,65677.11221
61.0,1267,65752.113199
27.0,798,65799.423672
75.0,1491,65890.095653
14.0,619,65927.059974
0.0,125,65934.093542
0.0,125,65941.448
2.0,198,65953.328447
2.0,198,65965.023287
0.0,125,65971.272057
0.0,129,65979.027293
29.0,822,66027.661954
30.0,876,66104.499521
27.0,863,66155.681552
50.0,1260,66228.653107
41.0,977,66282.483721
49.0,1250,66347.172911
83.0,1296,66443.786153
56.0,1051,66506.717755
58.0,1352,66586.691033
52.0,1185,66656.326995
75.0,1206,66728.471472
0.0,125,66735.868916
0.0,127,66743.380321
43.0,1049,66804.541578
53.0,996,66885.181725
45.0,885,66937.430387
39.0,1055,66996.212039
17.0,604,67028.971114
41.0,1144,67095.53645
45.0,1119,67161.644754
33.0,787,67231.97956
53.0,1252,67305.771729
50.0,1258,67377.191474
26.0,598,67409.984024
75.0,1601,67498.616578
49.0,1160,67560.953649
38.0,1088,67645.329248
66.0,1038,67710.122178
64.0,1362,67793.552888
82.0,1252,67872.112134
52.0,1306,67952.005169
72.0,1388,68057.974445
30.0,667,68094.637285
52.0,1280,68161.619847
54.0,1247,68230.160338
57.0,1058,68286.853373
78.0,1509,68395.122674
63.0,1266,68472.425603
103.0,1575,68565.901361
47.0,771,68611.582757
36.0,943,68666.551723
58.0,1227,68738.742887
231.0,1219,68828.135453
29.0,922,68880.27133
46.0,1179,68950.418289
49.0,1227,69022.594819
81.0,1625,69120.435456
73.0,1342,69220.900497
58.0,1287,69296.398599
40.0,949,69352.393027
55.0,1191,69419.193379
63.0,1250,69490.416287
83.0,1311,69587.173248
60.0,1240,69655.273374
61.0,1175,69719.583455
95.0,1637,69810.4215
43.0,1013,69864.123564
84.0,1660,69971.610274
70.0,1348,70044.609578
78.0,1321,70113.432694
77.0,1126,70172.909596
50.0,1053,70231.342293
50.0,1138,70314.560976
40.0,759,70355.216713
35.0,1165,70418.676604
44.0,1077,70478.396623
21.0,718,70517.391082
51.0,1063,70570.207627
75.0,1176,70651.084135
68.0,1415,70727.755637
36.0,1144,70788.45859
80.0,1750,70885.344093
72.0,1200,70949.265918
61.0,1006,71025.405401
38.0,1038,71081.893735
103.0,1482,71163.607467
24.0,694,71198.910163
13.0,367,71218.113992
0.0,129,71224.592206
0.0,127,71230.718542
1.0,152,71238.085235
3.0,214,71249.164112
7.0,248,71262.430123
35.0,885,71310.295324
57.0,1289,71403.704216
46.0,1080,71464.933545
44.0,1058,71524.819413
90.0,1197,71592.13947
50.0,1217,71656.481402
49.0,794,71697.497368
70.0,1398,71796.564415
98.0,1451,71874.676368
46.0,1055,71928.993725
96.0,1712,72020.570947
74.0,1061,72100.663019
39.0,1018,72157.535288
20.0,539,72187.442552
73.0,1480,72274.108578
52.0,1317,72348.517961
109.0,1582,72442.853526
77.0,1007,72519.663761
68.0,1214,72586.648355
59.0,1374,72661.896351
38.0,886,72709.888937
51.0,1213,72777.296177
48.0,1116,72860.240521
82.0,1337,72934.322788
25.0,721,72973.391875
109.0,1574,73057.00855
26.0,658,73091.279507
48.0,1108,73150.21247
72.0,1415,73250.852891
55.0,1017,73308.105878
95.0,1166,73372.112129
93.0,1691,73462.223802
43.0,922,73511.374911
83.0,1430,73611.309773
54.0,1041,73669.367414
224.0,1723,73763.058835
61.0,1263,73828.274308
92.0,1452,73907.895832
82.0,1536,74013.95976
41.0,1186,74078.348191
55.0,830,74120.406608
82.0,1545,74199.23522
57.0,1298,74267.040243
60.0,1224,74354.654275
52.0,1146,74416.929003
90.0,1268,74486.422236
36.0,934,74536.955289
56.0,1386,74612.401002
44.0,779,74680.688484
42.0,1109,74741.045669
24.0,789,74784.300631
79.0,1262,74852.900773
88.0,1609,74936.013504
58.0,1113,74995.754781
51.0,988,75072.399457
34.0,850,75121.632674
97.0,1122,75183.132993
58.0,1244,75253.261471
73.0,1240,75318.702424
137.0,1852,75442.488841
49.0,1033,75499.407526
53.0,1092,75559.608593
88.0,1667,75647.075847
69.0,1178,75709.496407
101.0,1631,75821.575978
113.0,1734,75911.757787
58.0,1264,75977.11696
78.0,1510,76058.95897
22.0,750,76099.170409
89.0,1357,76195.743942
59.0,1291,76265.764816
56.0,1216,76333.231236
69.0,1318,76405.86701
80.0,1530,76511.802068
200.0,1290,76583.432735
59.0,1114,76643.942277
78.0,1169,76706.345178
60.0,1394,76779.632111
96.0,1434,76878.555954
58.0,1230,76945.30065
45.0,584,76975.77902
52.0,1088,77033.030922
61.0,1188,77097.039636
55.0,1348,77170.791091
73.0,1001,77249.565459
64.0,1097,77315.988459
83.0,1521,77404.641154
92.0,1654,77498.072111
39.0,892,77550.089253
33.0,589,77584.615082
135.0,1413,77692.144551
56.0,917,77743.157857
56.0,1129,77807.381514
108.0,1806,77917.079762
81.0,1195,78008.344736
25.0,711,78048.093805
87.0,1582,78135.983566
61.0,1205,78202.430079
35.0,583,78234.07529
48.0,897,78284.376681
93.0,1444,78386.664022
104.0,1487,78467.609621
48.0,1290,78538.050503
82.0,1434,78613.034138
47.0,1159,78672.911556
68.0,1144,78760.761197
148.0,1190,78834.880569
67.0,1298,78901.550453
135.0,1848,79000.722688
82.0,1262,79069.651972
35.0,960,79142.684598
69.0,1183,79206.35702
213.0,1392,79281.464902
106.0,1539,79360.360893
84.0,1430,79436.432463
66.0,1332,79526.043439
66.0,1018,79576.801193
108.0,1528,79657.889855
85.0,1513,79737.832368
91.0,1394,79835.592194
39.0,1185,79899.757501
70.0,1319,79971.760277
73.0,1326,80044.93445
35.0,593,80077.382789
113.0,1588,80185.85592
238.0,1681,80278.707832
48.0,1155,80342.436024
117.0,1407,80417.835687
95.0,1403,80490.870332
92.0,1533,80593.761807
224.0,1872,80691.67097
45.0,1108,80752.285098
92.0,1358,80827.475085
79.0,1177,80914.477783
84.0,1217,80980.851188
28.0,694,81018.409749
98.0,1487,81098.935909
61.0,1280,81165.329816
88.0,1559,81246.254514
77.0,981,81314.604202
59.0,1081,81371.528647
81.0,1415,81448.002188
99.0,1560,81531.457076
53.0,1189,81596.073726
66.0,1377,81691.488032
107.0,1496,81774.078857
79.0,1354,81848.798574
97.0,1486,81930.585971
97.0,1534,82035.661335
72.0,1171,82098.675475
155.0,1615,82185.138709
82.0,1389,82256.496053
330.0,1524,82355.214235
78.0,1390,82428.232636
127.0,1667,82519.665237
109.0,1298,82590.102289
110.0,1673,82680.697152
103.0,1590,82788.40532
85.0,1449,82867.659995
94.0,1412,82941.823282
75.0,1317,83007.274725
